FID,OBJECTID,ID_0,ISO,NAME_ENGLI,NAME_ISO,NAME_FAO,NAME_LOCAL,NAME_OBSOL,NAME_VARIA,NAME_NONLA,NAME_FRENC,NAME_SPANI,NAME_RUSSI,NAME_ARABI,NAME_CHINE,WASPARTOF,CONTAINS,SOVEREIGN,ISO2,WWW,FIPS,ISON,VALIDFR,VALIDTO,POP2000,SQKM,POPSQKM,UNREGION1,UNREGION2,DEVELOPING,CIS,Transition,OECD,WBREGION,WBINCOME,WBDEBT,WBOTHER,CEEAC,CEMAC,CEPLG,COMESA,EAC,ECOWAS,IGAD,IOC,MRU,SACU,UEMOA,UMA,PALOP,PARTA,CACM,EurAsEC,Agadir,SAARC,ASEAN,NAFTA,GCC,CSN,CARICOM,EU,CAN,ACP,Landlocked,AOSIS,SIDS,Islands,LDC,Shape_Leng,Shape_Area,Longitude,Latitude
0,1,1,AFG,Afghanistan,AFGHANISTAN,Afghanistan,Afghanestan, , , ,Afghanistan,Afganistán,??????????,?????????,???, , ,Afghanistan,AF, ,AF,4,~1900,Present,21764955,641869.188,33.9087082,Southern Asia,Asia,1,0,0,0,South Asia,Low income,Debt not classified, ,0,0,0,0,0,0,0,0,0,0,0,0,0,0,0,0,0,1,0,0,0,0,0,0,0,0,1,0,0,0,1,57.10465461,62.74958712,66.02958642,33.82841536
1,2,2,XAD,Akrotiri and Dhekelia,AKROTIRI AND DHEKELIA, ,Akrotiri and Dhekelia, , , , , , , , , , , , , , ,0, , ,0,0,0, , ,0,0,0,0, , , , ,0,0,0,0,0,0,0,0,0,0,0,0,0,0,0,0,0,0,0,0,0,0,0,0,0,0,0,0,0,0,0,2.199058226,0.023105986,33.39169248,34.83962441
2,3,3,ALA,Åland,ÅLAND ISLANDS, ,Åland, ,Åland Islands, , , , , , , , ,Finland,AX, ,AX,248,192110,Present,26000,6.784,3832.54717,Northern Europe,Europe,2,0,0,0, , , , ,0,0,0,0,0,0,0,0,0,0,0,0,0,0,0,0,0,0,0,0,0,0,0,0,0,0,0,0,0,1,0,42.5564488,0.243777143,20.16484755,60.20192652
3,4,4,ALB,Albania,ALBANIA,Albania,Shqiperia, ,Shqipëria, ,Albanie,Albania,???????,???????,?????, , ,Albania,AL, ,AL,8,1912,Present,3134222,28754.5,108.9993566,Southern Europe,Europe,2,0,1,0,Europe & Central Asia,Lower middle income,Less indebted, ,0,0,0,0,0,0,0,0,0,0,0,0,0,0,0,0,0,0,0,0,0,0,0,0,0,0,0,0,0,0,0,14.03340551,3.082172131,20.06284219,41.14060103
4,5,5,DZA,Algeria,ALGERIA,Algeria,Al Jaza'ir, , , ,Algérie,Argelia,?????,???????,?????, , ,Algeria,DZ, ,AG,12,1962,Present,30291341,2320972,13.05114452,Northern Africa,Africa,1,0,0,0,Middle East & North Africa,Lower middle income,Less indebted, ,0,0,0,0,0,0,0,0,0,0,0,1,0,0,0,0,0,0,0,0,0,0,0,0,0,1,0,0,0,0,0,82.68485522,212.6342179,2.677146024,28.15837386
5,6,6,ASM,American Samoa,AMERICAN SAMOA,American Samoa,American Samoa, , , ,Samoa Américaines,Samoa Americana,???????????? ?????,?????-????????, , , ,United States,AS, ,AQ,16,1925,Present,57000,186.895,304.984082,Polynesia,Oceania,1,0,0,0,East Asia & Pacific,Upper middle income,Debt not classified, ,0,0,0,0,0,0,0,0,0,0,0,0,0,0,0,0,0,0,0,0,0,0,0,0,0,0,0,0,1,1,0,2.175481065,0.018708709,-170.3142264,-14.22299288
6,7,7,AND,Andorra,ANDORRA,Andorra,Andorra, , , ,Andorre,Andorra,???????,??????,???, , ,Andorra,AD, ,AN,20,Unknown,Present,67000,452.485,148.0712068,Southern Europe,Europe,2,0,0,0, ,High income: nonOECD,Debt not classified, ,0,0,0,0,0,0,0,0,0,0,0,0,0,0,0,0,0,0,0,0,0,0,0,0,0,0,1,0,0,0,0,1.222116198,0.049530976,1.575153087,42.54380002
7,8,8,AGO,Angola,ANGOLA,Angola,Angola, , , ,Angola,Angola,??????,??????,???, , ,Angola,AO, ,AO,24,1906,Present,13134452,1252421,10.48724989,Middle Africa,Africa,1,0,0,0,Sub-Saharan Africa,Lower middle income,Severely indebted, ,0,0,0,1,0,0,0,0,0,0,0,0,1,0,0,0,0,0,0,0,0,0,0,0,0,0,0,0,0,0,1,73.53194602,103.8399743,17.54929775,-12.29694319
8,9,9,AIA,Anguilla,ANGUILLA, ,Anguilla, , , ,Anguilla,Anguilla,???????,???????,???, , ,United Kingdom,AI, ,AV,660,Unknown,Present,11000,86.296,127.4682488,Caribbean,Americas,1,0,0,0, , , , ,0,0,0,0,0,0,0,0,0,0,0,0,0,0,0,0,0,0,0,0,0,0,0,0,0,0,0,0,1,1,0,1.318321228,0.007115669,-63.05813322,18.22338226
9,10,10,ATA,Antarctica,ANTARCTICA, ,Antarctica, , , ,Antarctique,Antártida,??????????,??????????,???, , , ,AQ, ,AY,10,Unknown,Present,100,12302740,8.13E-06,Antartica,Antartica,0,0,0,0, , , , ,0,0,0,0,0,0,0,0,0,0,0,0,0,0,0,0,0,0,0,0,0,0,0,0,0,0,0,0,0,0,0,2306.991616,6052.117559,19.87252596,-80.50695687
10,11,11,ATG,Antigua and Barbuda,ANTIGUA AND BARBUDA,Antigua and Barbuda,Antigua and Barbuda,Leeward Islands,Antigua, ,Antigua-et-Barbuda,Antigua y Barbuda,??????? ? ???????,??????? ???????,???????,West Indies Federation, ,Antigua and Barbuda,AG, ,AC,28,Unknown,Present,76000,462.378,164.3676819,Caribbean,Americas,1,0,0,0,Latin America & Caribbean,Upper middle income,Debt not classified, ,0,0,0,0,0,0,0,0,0,0,0,0,0,0,0,0,0,0,0,0,0,0,1,0,0,1,0,1,1,1,0,3.917134175,0.037034011,-61.7982679,17.27096087
11,12,12,ARG,Argentina,ARGENTINA,Argentina,Argentina, , , ,Argentine,Argentina,?????????,?????????,???, , ,Argentina,AR, ,AR,32,Unknown,Present,37031814,2781013,13.31594423,South America,Americas,1,0,0,0,Latin America & Caribbean,Upper middle income,Severely indebted, ,0,0,0,0,0,0,0,0,0,0,0,0,0,0,0,0,0,0,0,0,0,1,0,0,0,0,0,0,0,0,0,217.9871021,278.2673054,-65.16699768,-35.38996
12,13,13,ARM,Armenia,ARMENIA,Armenia,Hayastan, ,Transcaucasian Federated Republics, ,Arménie,Armenia,???????,???????,????,Soviet Union|Union of Soviet Socialist Republics|U.S.S.R.|USSR|CCCP|C.C.C.P., ,Armenia,AM, ,AM,51,19911208,Present,3786997,29872.461,126.7721799,Western Asia,Asia,1,1,0,0,Europe & Central Asia,Lower middle income,Less indebted, ,0,0,0,0,0,0,0,0,0,0,0,0,0,0,0,0,0,0,0,0,0,0,0,0,0,0,1,0,0,0,0,13.94605434,3.144859089,44.9387801,40.2943328
13,14,14,ABW,Aruba,ARUBA,Aruba,Aruba, , , ,Aruba,Aruba,?????,?????,???,Netherlands Antilles, ,Nederland,AW, ,AA,533,19860101,Present,92000,182.926,502.9356133,Caribbean,Americas,1,0,0,0, ,High income: nonOECD,Debt not classified, ,0,0,0,0,0,0,0,0,0,0,0,0,0,0,0,0,0,0,0,0,0,0,0,0,0,0,0,0,1,1,0,0.963634318,0.015130752,-69.97027576,12.50931542
14,15,15,AUS,Australia,AUSTRALIA,Australia,Australia, , , ,Australie,Australia,?????????,????????,????, , ,Australia,AU, ,AS,36,19010101,Present,19137645,7706142,2.483427505,Australia and New Zealand,Oceania,2,0,0,1, ,High income: OECD,Debt not classified, ,0,0,0,0,0,0,0,0,0,0,0,0,0,1,0,0,0,0,0,0,0,0,0,0,0,0,0,0,0,1,0,710.269386,695.3355431,134.4911332,-25.73174284
15,16,16,AUT,Austria,AUSTRIA,Austria,Österreich, , , ,Autriche,Austria,???????,??????,???,Austria-Hungary, ,Austria,AT, ,AU,40,19200716,Present,8079902,83738.852,96.48928552,Western Europe,Europe,2,0,0,1, ,High income: OECD,Debt not classified,EMU,0,0,0,0,0,0,0,0,0,0,0,0,0,0,0,0,0,0,0,0,0,0,0,1,0,0,1,0,0,0,0,28.44099485,10.02803613,14.14303885,47.58812486
16,17,17,AZE,Azerbaijan,AZERBAIJAN,"Azerbaijan, Republic of",Azarbaycan,Transcaucasian Federated Republics|Azerbaijan SSR|Azerbaijan S.S.R., , ,Azerbaïdjan,Azerbaiyán,???????????,????????,????,Soviet Union|Union of Soviet Socialist Republics|U.S.S.R.|USSR|CCCP|C.C.C.P., ,Azerbaijan,AZ, ,AJ,31,1936,Present,8041278,85808.203,93.71222935,Western Asia,Asia,1,1,0,0,Europe & Central Asia,Lower middle income,Less indebted, ,0,0,0,0,0,0,0,0,0,0,0,0,0,0,0,0,0,0,0,0,0,0,0,0,0,0,1,0,0,0,0,30.68746513,9.133712183,47.5302536,40.28748388
17,18,18,BHS,Bahamas,BAHAMAS,Bahamas,Bahamas,Lucayas,"Bahamas, The|The Bahamas", ,Bahamas,Bahamas,??????,?????????,???, , ,Bahamas,BS, ,BF,44,19730710,Present,304233,12867.78,23.64300602,Caribbean,Americas,1,0,0,0, ,High income: nonOECD,Debt not classified, ,0,0,0,0,0,0,0,0,0,0,0,0,0,0,0,0,0,0,0,0,0,0,1,0,0,1,0,1,1,1,0,126.754354,1.190794552,-76.64653235,24.25933675
18,19,19,BHR,Bahrain,BAHRAIN,Bahrain,Al Bahrayn, , , ,Bahreïn,Bahrein,???????,???????,??, , ,Bahrain,BH, ,BA,48,19710815,Present,639753,657.268,973.3518139,Western Asia,Asia,1,0,0,0, ,High income: nonOECD,Debt not classified, ,0,0,0,0,0,0,0,0,0,0,0,0,0,0,0,0,0,0,0,0,1,0,0,0,0,0,0,0,0,1,0,5.789450433,0.064494216,50.56058361,26.03885468
19,20,20,BGD,Bangladesh,BANGLADESH,Bangladesh,Bangladesh,East Pakistan, , ,Bangladesh,Bangladesh,?????????,????????,????, , ,Bangladesh,BD, ,BG,50,1971,Present,137439261,138507.203,992.2896284,Southern Asia,Asia,1,0,0,0,South Asia,Low income,Less indebted, ,0,0,0,0,0,0,0,0,0,0,0,0,0,0,0,0,0,1,0,0,0,0,0,0,0,0,0,0,0,0,1,119.0285476,12.37901789,90.28132379,23.84038957
20,21,21,BRB,Barbados,BARBADOS,Barbados,Barbados, , , ,Barbade,Barbados,????????,???????,????,West Indies Federation, ,Barbados,BB, ,BB,52,Unknown,Present,267498,439.942,608.0301494,Caribbean,Americas,1,0,0,0,Latin America & Caribbean,Upper middle income,Less indebted, ,0,0,0,0,0,0,0,0,0,0,0,0,0,0,0,0,0,0,0,0,0,0,1,0,0,1,0,1,1,1,0,1.241398261,0.036239475,-59.55638952,13.17226208
21,22,22,BLR,Belarus,BELARUS,Belarus,Byelarus|Byelorussia,White Russian S.S.R.|White Russian SSR,Belarus|White Russia,????????,Bélarus,Bielorrusia,??????????,????? ???????,????,U.S.S.R.|USSR|CCCP|C.C.C.P.|Soviet Union|Union of Soviet Socialist Republics, ,Belarus,BY, ,BO,112,19910825,Present,10186996,206680.703,49.28856856,Eastern Europe,Europe,2,1,0,0,Europe & Central Asia,Lower middle income,Less indebted, ,0,0,0,0,0,0,0,0,0,0,0,0,0,0,0,1,0,0,0,0,0,0,0,0,0,0,1,0,0,0,0,41.12748897,28.04428443,28.06049606,53.54617347
22,23,23,BEL,Belgium,BELGIUM,Belgium,Belgique|Belgie|Belgien, ,Belgique|Belgien|Belgium, ,Belgique,Bélgica,???????,??????,???, , ,Belgie,BE, ,BE,56,~1900,Present,10249370,30479.609,336.2697336,Western Europe,Europe,2,0,0,1,..,High income: OECD,Debt not classified,EMU,0,0,0,0,0,0,0,0,0,0,0,0,0,0,0,0,0,0,0,0,0,0,0,1,0,0,0,0,0,0,0,15.55682836,3.902451371,4.662170791,50.64094345
23,24,24,BLZ,Belize,BELIZE,Belize,Belize,British Honduras, , ,Belize,Belice,?????,?????,???, , ,Belize,BZ, ,BH,84,~1900,Present,226325,22174.82,10.20639626,Central America,Americas,1,0,0,0,Latin America & Caribbean,Upper middle income,Severely indebted, ,0,0,0,0,0,0,0,0,0,0,0,0,0,0,0,0,0,0,0,0,0,0,1,0,0,1,0,1,1,0,0,25.3049646,1.868078916,-88.69052036,17.20811296
24,25,25,BEN,Benin,BENIN,Benin,Benin, ,Dahomey, ,Bénin,Benín,?????,????,??, , ,Benin,BJ, ,BN,204,~1900,Present,6271732,116514.797,53.82777262,Western Africa,Africa,1,0,0,0,Sub-Saharan Africa,Low income,Moderately indebted,HIPC,0,0,0,0,0,1,0,0,0,0,1,0,0,0,0,0,0,0,0,0,0,0,0,0,0,1,0,0,0,0,1,20.04506311,9.511564886,2.339712982,9.65422325
25,26,26,BMU,Bermuda,BERMUDA,Bermuda,Bermuda, , , ,Bermudes,Bermudas,???????,??? ??????,?????, , ,United Kingdom,BM, ,BD,60,Unknown,Present,63000,39.412,1598.497919,Northern America,Americas,2,0,0,0, ,High income: nonOECD,Debt not classified, ,0,0,0,0,0,0,0,0,0,0,0,0,0,0,0,0,0,0,0,0,0,0,0,0,0,0,0,0,0,1,0,1.73421769,0.006517414,-64.76718511,32.30941324
26,27,27,BTN,Bhutan,BHUTAN,Bhutan,Bhutan, , , ,Bhoutan,Bután,?????,?????,??, , ,Bhutan,BT, ,BT,64,~1900,Present,2085136,39927.012,52.22369257,Southern Asia,Asia,1,0,0,0,South Asia,Low income,Severely indebted, ,0,0,0,0,0,0,0,0,0,0,0,0,0,0,0,0,0,1,0,0,0,0,0,0,0,0,1,0,0,0,1,10.91828912,3.53695426,90.4284074,27.39567171
27,28,28,BOL,Bolivia,BOLIVIA,Bolivia,Bolivia, , , ,Bolivie,Bolivia,???????,???????,????, , ,Bolivia,BO, ,BL,68,~1950,Present,8328685,1090353,7.638521653,South America,Americas,1,0,0,0,Latin America & Caribbean,Lower middle income,Moderately indebted,HIPC,0,0,0,0,0,0,0,0,0,0,0,0,0,0,0,0,0,0,0,0,0,1,0,0,1,0,1,0,0,0,0,61.10510938,91.91660004,-64.6567571,-16.71333828
28,29,29,BES,"Bonaire, Saint Eustatius and Saba","BONAIRE, SAINT EUSTATIUS AND SABA", ,"Bonaire, Saint Eustatius and Saba", , , , , , , , , , ,Nederland,AN, ,NT,530,1948,Present,0,0,0,Caribbean,Americas,1,0,0,0, ,High income: nonOECD,Debt not classified, ,0,0,0,0,0,0,0,0,0,0,0,0,0,0,0,0,0,0,0,0,0,0,0,0,0,0,0,0,1,0,0,1.829776959,0.02696415,-67.6682128,12.82315853
29,30,30,BIH,Bosnia and Herzegovina,BOSNIA AND HERZEGOVINA,Bosnia and Herzegovina,Bosna i Hercegovina, ,Bosnia, ,Bosnie-Herzégovine,Bosnia-Herzegovina,?????? ? ???????????,??????? ? ??????,???? - ?????,Jugoslavia|Yugoslavia, ,Bosnia and Herzegovina,BA, ,BK,70,19940318,Present,3977106,51403.379,77.37051683,Southern Europe,Europe,2,0,1,0,Europe & Central Asia,Lower middle income,Less indebted, ,0,0,0,0,0,0,0,0,0,0,0,0,0,0,0,0,0,0,0,0,0,0,0,0,0,0,0,0,0,0,0,15.50170155,5.747560933,17.78875896,44.17563915
30,31,31,BWA,Botswana,BOTSWANA,Botswana,Botswana, ,Bechuanaland, ,Botswana,Botswana,????????,????????,????, , ,Botswana,BW, ,BC,72,19660930,Present,1541256,580011.188,2.657286673,Southern Africa,Africa,1,0,0,0,Sub-Saharan Africa,Upper middle income,Less indebted, ,0,0,0,0,0,0,0,0,0,1,0,0,0,0,0,0,0,0,0,0,0,0,0,0,0,1,1,0,0,0,0,39.6696376,50.63973465,23.81353332,-22.18806067
31,32,32,BVT,Bouvet Island,BOUVET ISLAND, ,Bouvet Island, , , ,Île Bouvet,Isla Bouvet, , , , , ,Norway,BV, ,BV,74,19300227,Present,0,57.651,0, , ,0,0,0,0, , , , ,0,0,0,0,0,0,0,0,0,0,0,0,0,0,0,0,0,0,0,0,0,0,0,0,0,0,0,0,0,0,0,0.568098795,0.01073779,3.382171105,-54.42832111
32,33,33,BRA,Brazil,BRAZIL,Brazil,Brasil, , , ,Brésil,Brasil,????????,????????,??, , ,Brazil,BR, ,BR,76,~1900,Present,170406280,8507128,20.03099989,South America,Americas,1,0,0,0,Latin America & Caribbean,Lower middle income,Severely indebted, ,0,0,0,0,0,0,0,0,0,0,0,0,0,0,0,0,0,0,0,0,0,1,0,0,0,0,0,0,0,0,0,374.8939493,709.3410367,-53.07658774,-10.74366102
33,34,34,IOT,British Indian Ocean Territory,BRITISH INDIAN OCEAN TERRITORY, ,British Indian Ocean Territory, ,Diego Garcia, ,Territoire Britannique de l' Océan Indien,Territorio Británico del Océano Indico, , , , , ,United Kingdom,IO, ,IO,86,1965,Present,0,73.977,0, , ,0,0,0,0, , , , ,0,0,0,0,0,0,0,0,0,0,0,0,0,0,0,0,0,0,0,0,0,0,0,0,0,0,0,0,0,0,0,3.202357565,0.005271221,72.12070011,-6.682924224
34,35,35,VGB,British Virgin Islands,"VIRGIN ISLANDS, BRITISH",British Virgin Islands,British Virgin Islands, ,Leeward Islands, ,Îles Vierges Britanniques,Islas Virgenes Británicas,?????????? ?????????? ????,????? ??????? ??????????, , , ,United Kingdom,VG, ,VI,92,Unknown,Present,21000,162.548,129.1926077,Caribbean,Americas,1,0,0,0, , , , ,0,0,0,0,0,0,0,0,0,0,0,0,0,0,0,0,0,0,0,0,0,0,0,0,0,0,0,0,1,1,0,4.052715302,0.014489154,-64.51844698,18.50284489
35,36,36,BRN,Brunei,BRUNEI DARUSSALAM,Brunei Darussalam,Negara Brunei Darussalam, ,Brunei Darussalam, ,Brunéi Darussalam,Brunei Darussalam,??????,?????,???????, , ,Brunei Darussalam,BN, ,BX,96,19831231,Present,328305,5769.535,56.9031993,South-Eastern Asia,Asia,1,0,0,0, ,High income: nonOECD,Debt not classified, ,0,0,0,0,0,0,0,0,0,0,0,0,0,0,0,0,0,0,1,0,0,0,0,0,0,0,0,0,0,1,0,6.337903462,0.470827454,114.7560953,4.528175939
36,37,37,BGR,Bulgaria,BULGARIA,Bulgaria,Bulgaria, ,Eastern Rumelia, ,Bulgarie,Bulgaria,????????,???????,????, , ,Bulgaria,BG, ,BU,100,19410101,Present,7949331,110801.5,71.74389336,Eastern Europe,Europe,2,0,1,0,Europe & Central Asia,Lower middle income,Severely indebted, ,0,0,0,0,0,0,0,0,0,0,0,0,0,0,0,0,0,0,0,0,0,0,0,0,0,0,0,0,0,0,0,25.91719807,12.27143439,25.22465221,42.75592079
37,38,38,BFA,Burkina Faso,BURKINA FASO,Burkina Faso,Burkina Faso,Upper Volta|Voltaic Republic, , ,Burkina Faso,Burkina Faso,???????-????,??????? ????,?????, , ,Burkina Faso,BF, ,UV,854,19470904,Present,11535072,273719.188,42.14199262,Western Africa,Africa,1,0,0,0,Sub-Saharan Africa,Low income,Moderately indebted,HIPC,0,0,0,0,0,1,0,0,0,0,1,0,0,0,0,0,0,0,0,0,0,0,0,0,0,1,1,0,0,0,1,31.52943579,22.72334007,-1.745660194,12.27429073
38,39,39,BDI,Burundi,BURUNDI,Burundi,Burundi,Belgian East Africa,Ruanda-Urundi|Urundi, ,Burundi,Burundi,???????,???????,???, , ,Burundi,BI, ,BY,108,19620701,Present,6356252,27253.869,233.2238406,Eastern Africa,Africa,1,0,0,0,Sub-Saharan Africa,Low income,Severely indebted,HIPC,1,0,1,1,0,0,0,0,0,0,0,0,0,0,0,0,0,0,0,0,0,0,0,0,0,1,1,0,0,0,1,10.28971463,2.19222314,29.88974755,-3.367632
39,40,40,KHM,Cambodia,CAMBODIA,Cambodia,Kampuchea, ,Kampuchea|Khmer Republic, ,Cambodge,Camboya,????????,???????,???, , ,Cambodia,KH, ,CB,116,19490719,Present,13104030,182612.297,71.75874908,South-Eastern Asia,Asia,1,0,0,0,East Asia & Pacific,Low income,Moderately indebted, ,0,0,0,0,0,0,0,0,0,0,0,0,0,0,0,0,0,0,1,0,0,0,0,0,0,0,0,0,0,0,1,36.08771068,15.09582452,104.9168521,12.70907873
40,41,41,CMR,Cameroon,CAMEROON,Cameroon,Cameroon, ,Cameroon|Kamerun|République du Cameroun, ,Cameroun,Camerún,???????,???????,???, , ,Cameroun,CM, ,CM,120,19611001,Present,14875513,466306.688,31.90070694,Middle Africa,Africa,1,0,0,0,Sub-Saharan Africa,Low income,Moderately indebted,HIPC,1,1,0,0,0,0,0,0,0,0,0,0,0,0,0,0,0,0,0,0,0,0,0,0,0,1,0,0,0,0,0,48.99638243,38.07820737,12.7415037,5.693973488
41,42,42,CAN,Canada,CANADA,Canada,Canada, , , ,Canada,Canadá,??????,????,???, , ,Canada,CA, ,CA,124,19479,Present,30756698,9904700,3.105262956,Northern America,Americas,2,0,0,1, ,High income: OECD,Debt not classified, ,0,0,0,0,0,0,0,0,0,0,0,0,0,0,0,0,0,0,0,1,0,0,0,0,0,0,0,0,0,0,0,4996.131832,1693.012591,-98.26930282,61.36744035
42,43,43,CPV,Cape Verde,CAPE VERDE,Cape Verde,Cabo Verde, ,Cape Verde, ,Cap-Vert,Cabo Verde,????-?????,????? ??????,???, , ,Cabo Verde,CV, ,CV,132,Unknown,Present,426958,3961.998,107.7633053,Western Africa,Africa,1,0,0,0,Sub-Saharan Africa,Lower middle income,Moderately indebted, ,0,0,0,0,0,1,0,0,0,0,0,0,1,0,0,0,0,0,0,0,0,0,0,0,0,1,0,1,1,1,0,13.31742366,0.345343699,-23.97819662,15.94737769
43,44,44,XCA,Caspian Sea, , ,Caspian Sea, , , , , , , , , , , , , , ,0, , ,0,0,0, , ,0,0,0,0, , , , ,0,0,0,0,0,0,0,0,0,0,0,0,0,0,0,0,0,0,0,0,0,0,0,0,0,0,0,0,0,0,0,69.83889883,40.22216765,50.67172665,41.66244083
44,45,45,CYM,Cayman Islands,CAYMAN ISLANDS,Cayman Islands,Cayman Islands, , , ,"Caïmanes, Îles",Islas Caimán,????????? ???????, , , , ,United Kingdom,KY, ,CJ,136,Unknown,Present,40000,277.005,144.4017256,Caribbean,Americas,1,0,0,0, ,High income: nonOECD,Debt not classified, ,0,0,0,0,0,0,0,0,0,0,0,0,0,0,0,0,0,0,0,0,0,0,0,0,0,0,0,0,0,1,0,2.57937333,0.024119972,-80.87358445,19.42543631
45,46,46,CAF,Central African Republic,CENTRAL AFRICAN REPUBLIC,Central African Republic,Republique Centrafricaine, ,Ubangi-Shari, ,"Centrafricaine, République",República Centroafricana,??????????-??????????? ???,??????? ??????? ??????,?????, , ,Central African Republic,CF, ,CT,140,unknown,Present,3717293,621499.375,5.981169329,Middle Africa,Africa,1,0,0,0,Sub-Saharan Africa,Low income,Severely indebted,HIPC,1,1,0,0,0,0,0,0,0,0,0,0,0,0,0,0,0,0,0,0,0,0,0,0,0,1,1,0,0,0,1,49.543692,50.73410146,20.48563826,6.574318192
46,47,47,TCD,Chad,CHAD,Chad,Tchad, , , ,Tchad,Chad,???,????,??, , ,Chad,TD, ,CD,148,19600811,Present,7885299,1168002,6.751100597,Middle Africa,Africa,1,0,0,0,Sub-Saharan Africa,Low income,Severely indebted,HIPC,1,1,0,0,0,0,0,0,0,0,0,0,0,0,0,0,0,0,0,0,0,0,0,0,0,1,1,0,0,0,1,55.97131352,107.1346917,18.6666572,15.36477473
47,48,48,CHL,Chile,CHILE,Chile,Chile, , , ,Chili,Chile,????,????,??, , ,Chile,CL, ,CI,152,~1900,Present,15211308,742298.188,20.49217989,South America,Americas,1,0,0,0,Latin America & Caribbean,Upper middle income,Moderately indebted, ,0,0,0,0,0,0,0,0,0,0,0,0,0,0,0,0,0,0,0,0,0,1,0,0,0,0,0,0,0,0,0,1256.170533,79.27043259,-71.39189489,-38.0271429
48,49,49,CHN,China,CHINA,China,Zhong Guo, , ,???????|???????,Chine,China,?????,??????? ????? ???????,"??, ??", ,Tibet,China,CN, ,CH,156,Unknown,Present,1275132866,9338902,136.5399129,Eastern Asia,Asia,1,0,0,0,East Asia & Pacific,Lower middle income,Less indebted, ,0,0,0,0,0,0,0,0,0,0,0,0,0,0,0,0,0,0,0,0,0,0,0,0,0,0,0,0,0,0,0,555.6613231,951.90364,103.8579147,36.56085955
49,50,50,CXR,Christmas Island,CHRISTMAS ISLAND, ,Christmas Island, , , ,Île Christmas,"Isla De Navidad, Isla Christmas", , , , , ,Australia,CX, ,KT,162,Unknown,Present,2564,116.375,22.03222342, , ,0,0,0,0, , , , ,0,0,0,0,0,0,0,0,0,0,0,0,0,0,0,0,0,0,0,0,0,0,0,0,0,0,0,0,0,1,0,0.684527843,0.011529569,105.6365531,-10.48534406
50,51,51,XCL,Clipperton Island, , ,Clipperton Island, , , , , , , , , , , , , , ,0, , ,0,0,0, , ,0,0,0,0, , , , ,0,0,0,0,0,0,0,0,0,0,0,0,0,0,0,0,0,0,0,0,0,0,0,0,0,0,0,0,0,0,0,0.148889542,0.0008334,-109.2168598,10.30285598
51,52,52,CCK,Cocos Islands,COCOS (KEELING) ISLANDS, ,Cocos (Keeling) Islands, ,Keeling Islands|Cocos (Keeling) Islands, ,Îles Cocos (Keeling),Islas Cocos, , , , , ,Australia,CC, ,CK,166,19551123,Present,628,14,44.85714286, , ,0,0,0,0, , , , ,0,0,0,0,0,0,0,0,0,0,0,0,0,0,0,0,0,0,0,0,0,0,0,0,0,0,0,0,0,1,0,0.916895879,0.001990256,96.86642271,-12.11725115
52,53,53,COL,Colombia,COLOMBIA,Colombia,Colombia, , , ,Colombie,Colombia,????????,????????,????, , ,Colombia,CO, ,CO,170,1907,Present,42104701,1141962,36.87049219,South America,Americas,1,0,0,0,Latin America & Caribbean,Lower middle income,Moderately indebted, ,0,0,0,0,0,0,0,0,0,0,0,0,0,0,0,0,0,0,0,0,0,1,0,0,1,0,0,0,0,0,0,112.5765224,92.68860467,-73.08614856,3.903453451
53,54,54,COM,Comoros,COMOROS,Comoros,Comores, ,Anjouan, ,Comores,Comores,????????? ???????,??? ?????, , , ,Comoros,KM, ,CN,174,Unknown,Present,705929,1659.724,425.3291511,Eastern Africa,Africa,1,0,0,0,Sub-Saharan Africa,Low income,Severely indebted,HIPC,0,0,0,1,0,0,0,1,0,0,0,0,0,0,0,0,0,0,0,0,0,0,0,0,0,1,0,1,1,1,1,5.388999899,0.138833755,43.68395502,-11.89429235
54,55,55,COK,Cook Islands,COOK ISLANDS,Cook Islands,Cook Islands, , , ,Îles Cook,Islas Cook,??????? ????,??? ???, , , ,New Zealand,CK, ,CW,184,19010611,Present,21388,231.532,92.37599986,Polynesia,Oceania,1,0,0,0, , , , ,0,0,0,0,0,0,0,0,0,0,0,0,0,1,0,0,0,0,0,0,0,0,0,0,0,1,0,1,1,1,0,4.21644918,0.022495268,-158.9294754,-19.18279522
55,56,56,CRI,Costa Rica,COSTA RICA,Costa Rica,Costa Rica, , , ,Costa Rica,Costa Rica,?????-????,?????????,?????, , ,Costa Rica,CR, ,CS,188,~1900,Present,4023502,51608.039,77.9626988,Central America,Americas,1,0,0,0,Latin America & Caribbean,Upper middle income,Less indebted, ,0,0,0,0,0,0,0,0,0,0,0,0,0,0,1,0,0,0,0,0,0,0,0,0,0,0,0,0,0,0,0,30.46104198,4.219988702,-84.19557373,9.971239327
56,57,57,CIV,Côte d'Ivoire,COTE D'IVOIRE,Côte d'Ivoire,Côte d'Ivoire, ,Ivory Coast, ,Côte D'ivoire,Costa de Marfil,???-?'?????,???? ?????,????, , ,Côte d'Ivoire,CI, ,IV,384,19470904,Present,16013139,322215.594,49.6969709,Western Africa,Africa,1,0,0,0,Sub-Saharan Africa,Low income,Severely indebted,HIPC,0,0,0,0,0,1,0,0,0,0,1,0,0,0,0,0,0,0,0,0,0,0,0,0,0,1,0,0,0,0,0,35.09854679,26.36743031,-5.554445778,7.625538273
57,58,58,HRV,Croatia,CROATIA,Croatia,Hrvatska,Jugoslavia|Yugoslavia,Dalmatia|Fiume, ,Croatie,Croacia,????????,???????,????, , ,Croatia,HR, ,HR,191,19920115,Present,4653749,56287.789,82.67777226,Southern Europe,Europe,2,0,0,0,Europe & Central Asia,Upper middle income,Severely indebted, ,0,0,0,0,0,0,0,0,0,0,0,0,0,0,0,0,0,0,0,0,0,0,0,0,0,0,0,0,0,0,0,95.64107043,6.517818266,16.39062146,45.02691678
58,59,59,CUB,Cuba,CUBA,Cuba,Cuba, , , ,Cuba,Cuba,????,????,??, , ,Cuba,CU, ,CU,192,Unknown,Present,11199176,110443,101.4023161,Caribbean,Americas,1,0,0,0,Latin America & Caribbean,Lower middle income,Debt not classified, ,0,0,0,0,0,0,0,0,0,0,0,0,0,0,0,0,0,0,0,0,0,0,0,0,0,1,0,1,1,1,0,178.0632276,9.660676264,-79.02979653,21.62547667
59,60,60,CUW,Curaçao,CURACAO, ,Curaçao, , , , , , , , , , , , , , ,0, , ,0,0,0,Caribbean,Americas,1,0,0,0, ,High income: nonOECD,Debt not classified, ,0,0,0,0,0,0,0,0,0,0,0,0,0,0,0,0,0,0,0,0,0,0,0,0,0,0,0,0,1,0,0,2.574639073,0.036359127,-68.97154392,12.19337787
60,61,61,CYP,Cyprus,CYPRUS,Cyprus,"Kibris, Kypros", , , ,Chypre,Chipre,????,????,????, , ,Cyprus,CY, ,CY,196,19600806,Present,783827,9226.847,84.95068792,Western Asia,Asia,1,0,0,0, ,High income: nonOECD,Debt not classified, ,0,0,0,0,0,0,0,0,0,0,0,0,0,0,0,0,0,0,0,0,0,0,0,1,0,0,0,1,0,1,0,6.185605258,0.564266684,33.00303699,34.92672171
61,62,62,CZE,Czech Republic,CZECH REPUBLIC,Czech Republic,?eská republika,Moravia|Bohemia,?esko, ,République Tchèque,República Checa,?????,????????? ????????,?????,Czechoslovakia, ,Czech Republic,CZ, ,EZ,203,19930101,Present,10271830,78495.156,130.8594125,Eastern Europe,Europe,2,0,0,1,Europe & Central Asia,Upper middle income,Less indebted, ,0,0,0,0,0,0,0,0,0,0,0,0,0,0,0,0,0,0,0,0,0,0,0,1,0,0,1,0,0,0,0,25.97702809,9.82603273,15.32867826,49.74017838
62,63,63,COD,Democratic Republic of the Congo,"CONGO, THE DEMOCRATIC REPUBLIC OF THE","Congo, Dem Republic of",République Démocratique du Congo|Zaire, ,"Zaire|Congo, The Democratic Republic of the|Democratic Republic of the Congo|Congo (Kinshasa)|Belgian Congo|Congo Free State|Congo-Léopoldville|Kongo Free Stat", ,"Congo, La République Démocratique du|Zaïre",República Democrática del Congo,??????????????? ?????????,??????? ??????? ??????????,?????, , ,The Democratic Republic of the Congo,CD, ,CG,180,1908,Present,50948236,390803.5,130.3679112,Middle Africa,Africa,1,0,0,0,Sub-Saharan Africa,Low income,Severely indebted,HIPC,1,0,1,1,0,0,0,0,0,0,0,0,0,0,0,0,0,0,0,0,0,0,0,0,0,1,0,0,0,0,1,95.23760912,189.9197834,23.65845641,-2.878812992
63,64,64,DNK,Denmark,DENMARK,Denmark,Danmark, , , ,Danemark,Dinamarca,?????,?????????,??, , ,Denmark,DK, ,DA,208,~1945,Present,5320065,42670.711,124.6772054,Northern Europe,Europe,2,0,0,1, ,High income: OECD,Debt not classified, ,0,0,0,0,0,0,0,0,0,0,0,0,0,0,0,0,0,0,0,0,0,0,0,1,0,0,0,0,0,0,0,103.7069516,6.204424021,10.05591268,55.9577683
64,65,65,DJI,Djibouti,DJIBOUTI,Djibouti,Djibouti, ,Afars and Issas|French Somaliland|Jibuti|Somali Coast, ,Djibouti,"Djibouti, Yibuti",???????,??????,???, , ,Djibouti,DJ, ,DJ,262,Unknown,Present,632096,21637.641,29.21279635,Eastern Africa,Africa,1,0,0,0,Middle East & North Africa,Lower middle income,Less indebted, ,0,0,0,1,0,0,1,0,0,0,0,0,0,0,0,0,0,0,0,0,0,0,0,0,0,1,0,0,0,0,1,9.470289863,1.813216824,42.57156202,11.74184156
65,66,66,DOM,Dominican Republic,DOMINICAN REPUBLIC,Dominican Republic,República Dominicana, ,Dominican Republic, ,"Dominicaine, République","Dominicana, República",????????????? ??????????,????????? ???????????,???????, , ,República Dominicana,DO, ,DR,214,Unknown,Present,8372695,48445.039,172.828739,Caribbean,Americas,1,0,0,0,Latin America & Caribbean,Lower middle income,Less indebted, ,0,0,0,0,0,0,0,0,0,0,0,0,0,0,0,0,0,0,0,0,0,0,0,0,0,1,0,0,1,1,0,23.17042325,4.123932471,-70.49288412,18.89571591
66,67,67,DMA,Dominica,DOMINICA,Dominica,Dominica, ,Windward Islands|West Indies Federation, ,Dominique,Dominica,????????,????????,????, , ,Dominica,DM, ,DO,212,19781103,Present,78000,731.997,106.5578138,Caribbean,Americas,1,0,0,0,Latin America & Caribbean,Upper middle income,Severely indebted, ,0,0,0,0,0,0,0,0,0,0,0,0,0,0,0,0,0,0,0,0,0,0,1,0,0,1,0,1,1,1,0,1.953949359,0.063505365,-61.34998778,15.43455148
67,68,68,ECU,Ecuador,ECUADOR,Ecuador,Ecuador, , , ,Équateur,Ecuador,???????,???????,????, , ,Ecuador,EC, ,EC,218,1830,Present,12645796,256932,49.21845469,South America,Americas,1,0,0,0,Latin America & Caribbean,Lower middle income,Severely indebted, ,0,0,0,0,0,0,0,0,0,0,0,0,0,0,0,0,0,0,0,0,0,1,0,0,1,0,0,0,0,0,0,58.87271305,20.85994918,-78.7728401,-1.428431589
68,69,69,EGY,Egypt,EGYPT,Egypt,Misr, ,United Arab Republic, ,Égypte,Egipto,??????,???,??, , ,Egypt,EG, ,EG,818,19610929,Present,67884476,982910.375,69.06476697,Northern Africa,Africa,1,0,0,0,Middle East & North Africa,Lower middle income,Less indebted, ,0,0,0,1,0,0,0,0,0,0,0,0,0,0,0,0,1,0,0,0,0,0,0,0,0,0,0,0,0,0,0,71.02215702,89.21937041,29.78365914,26.56979906
69,70,70,SLV,El Salvador,EL SALVADOR,El Salvador,El Salvador, ,Salvador, ,El Salvador,El Salvador,?????????,?????????,????, , ,El Salvador,SV, ,ES,222,1841,Present,6277897,20696.51,303.3311897,Central America,Americas,1,0,0,0,Latin America & Caribbean,Lower middle income,Moderately indebted, ,0,0,0,0,0,0,0,0,0,0,0,0,0,0,1,0,0,0,0,0,0,0,0,0,0,0,0,0,0,0,0,13.54895529,1.706700472,-88.8671235,13.73022013
70,71,71,GNQ,Equatorial Guinea,EQUATORIAL GUINEA,Equatorial Guinea,Guinea Ecuatorial,Fernando Po|Rio Muni|Spanish Guinea, , ,Guinée Équatoriale,Guinea Ecuatorial,?????????????? ??????,????? ?????????,?????, , ,Equatorial Guinea,GQ, ,EK,226,1909,Present,456703,27085.301,16.86165496,Middle Africa,Africa,1,0,0,0,Sub-Saharan Africa,Upper middle income,Less indebted, ,1,1,0,0,0,0,0,0,0,0,0,0,0,0,0,0,0,0,0,0,0,0,0,0,0,1,0,0,0,0,1,10.73686201,2.191265763,10.33233101,1.701663449
71,72,72,ERI,Eritrea,ERITREA,Eritrea,Hagere Ertra, , , ,Érythrée,Eritrea,???????,???????,?????, , ,Eritrea,ER, ,ER,232,19930527,Present,3658777,121940.797,30.00453573,Eastern Africa,Africa,1,0,0,0,Sub-Saharan Africa,Low income,Severely indebted, ,0,0,0,1,0,0,1,0,0,0,0,0,0,0,0,0,0,0,0,0,0,0,0,0,0,1,0,0,0,0,1,54.63269291,10.14218529,38.85727124,15.38191527
72,73,73,EST,Estonia,ESTONIA,Estonia,Eesti Vabariik,Estonian SSR|Estonian S.S.R., , ,Estonie,Estonia,???????,???????,????,Soviet Union|Union of Soviet Socialist Republics|U.S.S.R.|USSR|CCCP|C.C.C.P., ,Estonia,EE, ,EN,233,1900,Present,1393470,45544.559,30.59575129,Northern Europe,Europe,2,0,0,0,Europe & Central Asia,Upper middle income,Severely indebted, ,0,0,0,0,0,0,0,0,0,0,0,0,0,0,0,0,0,0,0,0,0,0,0,1,0,0,0,0,0,0,0,63.24460965,7.038583748,25.5497029,58.67063371
73,74,74,ETH,Ethiopia,ETHIOPIA,Ethiopia,Ityop'iya,Abyssinia|Italian East Africa, , ,Éthiopie,Etiopía,???????,???????,?????, , ,Ethiopia,ET, ,ET,231,1993,Present,62907788,1132328,55.55615334,Eastern Africa,Africa,1,0,0,0,Sub-Saharan Africa,Low income,Moderately indebted,HIPC,0,0,0,1,0,0,1,0,0,0,0,0,0,0,0,0,0,0,0,0,0,0,0,0,0,1,1,0,0,0,1,48.31696475,92.88639034,39.62619545,8.629764362
74,75,75,FLK,Falkland Islands,FALKLAND ISLANDS (MALVINAS), ,Islas Malvinas, ,Islas Malvinas|Malvinas|Falklands, ,"Falkland, Îles (Malvinas)",Islas Malvinas,???????????? ???????, , , , ,United Kingdom,FK, ,FK,238,Unknown,Present,2136,11514.78,0.185500722,South America,Americas,1,0,0,0, , , , ,0,0,0,0,0,0,0,0,0,0,0,0,0,0,0,0,0,0,0,0,0,0,0,0,0,0,0,0,0,1,0,101.7407714,1.613151814,-59.39527004,-51.74123325
75,76,76,FRO,Faroe Islands,FAROE ISLANDS,Faroe Islands,Føroyar, , , ,Îles Féroé,Islas Feroe,????????? ???????,??? ????, , , ,Denmark,FO, ,FO,234,Unknown,Present,45296,1412.086,32.07736639,Northern Europe,Europe,2,0,0,0, ,High income: nonOECD,Debt not classified, ,0,0,0,0,0,0,0,0,0,0,0,0,0,0,0,0,0,0,0,0,0,0,0,0,0,0,0,0,0,1,0,13.43302137,0.247088615,-6.890424373,62.06919602
76,77,77,FJI,Fiji,FIJI,Fiji Islands,Fiji, ,Fiji Islands, ,Fidji,Fiyi,?????,????,??, , ,Fiji,FJ, ,FJ,242,19701010,Present,813607,19363.891,42.01671038,Melanesia,Oceania,1,0,0,0,East Asia & Pacific,Lower middle income,Less indebted, ,0,0,0,0,0,0,0,0,0,0,0,0,0,1,0,0,0,0,0,0,0,0,0,0,0,1,0,1,1,1,0,44.67193608,1.613078826,161.8003686,-17.44562621
77,78,78,FIN,Finland,FINLAND,Finland,Suomi|Suomen Tasavalta, ,Finland, ,Finlande,Finlandia,?????????,??????,??, , ,Finland,FI, ,FI,246,1947,Present,5171806,333796.906,15.4938704,Northern Europe,Europe,2,0,0,1, ,High income: OECD,Debt not classified,EMU,0,0,0,0,0,0,0,0,0,0,0,0,0,0,0,0,0,0,0,0,0,0,0,1,0,0,0,0,0,0,0,231.5675198,62.93158539,26.24620271,64.48574532
78,79,79,FRA,France,FRANCE,France,France, , , ,France,Francia,???????,?????,??, , ,France,FR, ,FR,250,1944,Present,59237668,546728.875,108.3492581,Western Europe,Europe,2,0,0,1, ,High income: OECD,Debt not classified,EMU,0,0,0,0,0,0,0,0,0,0,0,0,0,0,0,0,0,0,0,0,0,0,0,1,0,0,0,0,0,0,0,130.5158569,64.5133205,2.553552532,46.55891593
79,80,80,GUF,French Guiana,FRENCH GUIANA,French Guiana,Guyane, ,Guyane française|French Guiana|Inini, ,Guyane Française,Guayana Francesa,??????????? ??????,?????? ????????,?????, , ,France,GF, ,FG,254,~1900,Present,164799,83811.133,1.96631395,South America,Americas,1,0,0,0, , , , ,0,0,0,0,0,0,0,0,0,0,0,0,0,0,0,0,0,0,0,0,0,0,0,0,0,0,0,0,0,0,0,14.40446364,6.783771502,-53.23095125,3.930452074
80,81,81,PYF,French Polynesia,FRENCH POLYNESIA,French Polynesia,Polynésie Française, ,Society Islands, ,Polynésie Française,Polinesia Francesa,??????????? ?????????,????????? ????????,???????, , ,France,PF, ,FP,258,1903,Present,233341,3023.553,77.17443683,Polynesia,Oceania,1,0,0,0, ,High income: nonOECD,Debt not classified, ,0,0,0,0,0,0,0,0,0,0,0,0,0,0,0,0,0,0,0,0,0,0,0,0,0,0,0,0,1,0,0,76.56625144,0.342648259,-145.3203142,-15.72127262
81,82,82,ATF,French Southern Territories,FRENCH SOUTHERN TERRITORIES, ,Terres Australes et Antarctiques Françaises, ,French Southern and Antarctic Lands, ,Terres Australes Françaises, , , , , , ,France,TF, ,FS,260,Unknown,Present,0,7504.238,0, , ,0,0,0,0, , , , ,0,0,0,0,0,0,0,0,0,0,0,0,0,0,0,0,0,0,0,0,0,0,0,0,0,0,0,0,0,0,0,41.18366711,0.967162266,68.62745957,-48.97706305
82,83,83,GAB,Gabon,GABON,Gabon,Gabon, , , ,Gabon,Gabón,?????,???????,??, , ,Gabon,GA, ,GB,266,19600817,Present,1230088,261688.703,4.700577388,Middle Africa,Africa,1,0,0,0,Sub-Saharan Africa,Upper middle income,Severely indebted, ,1,1,0,0,0,0,0,0,0,0,0,0,0,0,0,0,0,0,0,0,0,0,0,0,0,1,0,0,0,0,0,44.52352716,21.49953304,11.78498889,-0.623356942
83,84,84,GMB,Gambia,GAMBIA,Gambia,The Gambia, ,Senegambia|The Gambia, ,Gambie,Gambia,??????,??????,???, , ,Gambia,GM, ,GA,270,19890921,Present,1302723,10677.6,122.0052259,Western Africa,Africa,1,0,0,0,Sub-Saharan Africa,Low income,Severely indebted,HIPC,0,0,0,0,0,1,0,0,0,0,0,0,0,0,0,0,0,0,0,0,0,0,0,0,0,1,0,0,0,0,1,11.21565071,0.890690312,-15.37290984,13.45148236
84,85,85,GEO,Georgia,GEORGIA,Georgia,Sak'art'velo, ,Transcaucasian Federated Republics, ,Géorgie,Georgia,??????,???????,????, , ,Georgia,GE, ,GG,268,1936,Present,5262050,69943.227,75.23316017,Western Asia,Asia,1,1,0,0,Europe & Central Asia,Lower middle income,Less indebted, ,0,0,0,0,0,0,0,0,0,0,0,0,0,0,0,0,0,0,0,0,0,0,0,0,0,0,0,0,0,0,0,21.63893731,7.611030248,43.51927205,42.17697643
85,86,86,DEU,Germany,GERMANY,Germany,Deutschland, ,Germany, ,Allemagne,Alemania,????????,???????,??, ,East Germany|West Germany|DDR,Germany,DE, ,GM,276,Unknown,Present,82016767,356108.812,230.3137812,Western Europe,Europe,2,0,0,1, ,High income: OECD,Debt not classified,EMU,0,0,0,0,0,0,0,0,0,0,0,0,0,0,0,0,0,0,0,0,0,0,0,1,0,0,0,0,0,0,0,99.42818436,45.91563632,10.39109743,51.10745582
86,87,87,GHA,Ghana,GHANA,Ghana,Ghana, ,Ashanti|Gold Coast, ,Ghana,Ghana,????,????,??, , ,Ghana,GH, ,GH,288,19570306,Present,19305633,239980.906,80.44653769,Western Africa,Africa,1,0,0,0,Sub-Saharan Africa,Low income,Less indebted,HIPC,0,0,0,0,0,1,0,0,0,0,0,0,0,0,0,0,0,0,0,0,0,0,0,0,0,1,0,0,0,0,0,30.61414229,19.55344373,-1.210711246,7.966776748
87,88,88,GIB,Gibraltar,GIBRALTAR, ,Gibraltar, , , ,Gibraltar,Gibraltar,?????????,??? ????, , , ,United Kingdom,GI, ,GI,292,1713,Present,27884,7.266,3837.59978,Southern Europe,Europe,2,0,0,0, , , , ,0,0,0,0,0,0,0,0,0,0,0,0,0,0,0,0,0,0,0,0,0,0,0,0,0,0,0,0,0,0,0,0.244221979,0.000721718,-5.349237521,36.13650289
88,89,89,GRC,Greece,GREECE,Greece,Ellas or Ellada, , ,??????|?????|???????? ????,Grèce,Grecia,??????,???????,??, , ,Hellas,GR, ,GR,300,Unknown,Present,10609962,131851.906,80.46877987,Southern Europe,Europe,2,0,0,1, ,High income: OECD,Debt not classified,EMU,0,0,0,0,0,0,0,0,0,0,0,0,0,0,0,0,0,0,0,0,0,0,0,1,0,0,0,0,0,0,0,209.6055594,13.79820221,22.98543179,39.04183213
89,90,90,GRL,Greenland,GREENLAND, ,Kalaallit Nunaat, ,Grønland|Greenland|Nunatta, ,Groenland,Groenlandia,??????????,????????,???, , ,Denmark,GL, ,GL,304,Unknown,Present,56309,2142661,0.026279939,Northern America,Americas,2,0,0,0, ,High income: nonOECD,Debt not classified, ,0,0,0,0,0,0,0,0,0,0,0,0,0,0,0,0,0,0,0,0,0,0,0,0,0,0,0,0,0,1,0,1840.418223,656.3966297,-41.48565631,74.67721948
90,91,91,GRD,Grenada,GRENADA,Grenada,Grenada, ,Windward Islands, ,Grenade,Granada,???????,???????, ,West Indies Federation, ,Grenada,GD, ,GJ,308,Unknown,Present,89018,366.852,242.6537132,Caribbean,Americas,1,0,0,0,Latin America & Caribbean,Upper middle income,Severely indebted, ,0,0,0,0,0,0,0,0,0,0,0,0,0,0,0,0,0,0,0,0,0,0,1,0,0,1,0,1,1,1,0,2.810539285,0.029860603,-61.65864498,12.15336363
91,92,92,GLP,Guadeloupe,GUADELOUPE,Guadeloupe,Guadeloupe, , , ,Guadeloupe,Guadalupe,?????????,??? ???????, , , ,France,GP, ,GP,312,Unknown,Present,427867,1743.315,245.4329826,Caribbean,Americas,1,0,0,0, , , , ,0,0,0,0,0,0,0,0,0,0,0,0,0,0,0,0,0,0,0,0,0,0,0,0,0,0,0,0,0,0,0,5.85320778,0.139463541,-61.53930515,16.19767939
92,93,93,GUM,Guam,GUAM,Guam,Guam, , , ,Guam,Guam,????,????, , , ,United States,GU, ,GQ,316,1898,Present,155175,572.339,271.1242812,Micronesia,Oceania,1,0,0,0,..,High income: nonOECD,Debt not classified, ,0,0,0,0,0,0,0,0,0,0,0,0,0,0,0,0,0,0,0,0,0,0,0,0,0,0,0,0,1,1,0,1.766638131,0.045890943,144.7769508,13.44339326
93,94,94,GTM,Guatemala,GUATEMALA,Guatemala,Guatemala, , , ,Guatemala,Guatemala,?????????,????????,???? (????), , ,Guatemala,GT, ,GT,320,Unknown,Present,11385320,109501.797,103.9738188,Central America,Americas,1,0,0,0,Latin America & Caribbean,Lower middle income,Less indebted, ,0,0,0,0,0,0,0,0,0,0,0,0,0,0,1,0,0,0,0,0,0,0,0,0,0,0,0,0,0,0,0,21.2284022,9.203597206,-90.35465741,15.69756412
94,95,95,GGY,Guernsey,GUERNSEY, ,Guernsey, ,Channel Islands, ,Guernesey,Guernsey, , , , , ,United Kingdom,GG, ,GK,831,Unknown,Present,65000,78,833.3333333,Western Europe,Europe,2,0,0,0, ,High income: nonOECD,Debt not classified, ,0,0,0,0,0,0,0,0,0,0,0,0,0,0,0,0,0,0,0,0,0,0,0,0,0,0,0,0,0,0,0,2.101140608,0.01097597,-2.514771363,49.48593257
95,96,96,GNB,Guinea-Bissau,GUINEA-BISSAU,Guinea-Bissau,Guiné-Bissau,Portuguese Guinea, , ,Guinée-Bissau,Guinea Bissau,??????-?????,?????-?????, , , ,Guinea-Bissau,GW, ,PU,624,19740910,Present,1199198,33635.391,35.65286338,Western Africa,Africa,1,0,0,0,Sub-Saharan Africa,Low income,Severely indebted,HIPC,0,0,0,0,0,1,0,0,0,0,1,0,1,0,0,0,0,0,0,0,0,0,0,0,0,1,0,1,1,0,1,50.87532868,2.812710782,-14.98234586,12.01462385
96,97,97,GIN,Guinea,GUINEA,Guinea,Guinee, ,Guinea|French Guinea|Guinea-Conakry, ,Guinéee,República Guinea,??????,?????,???, , ,Guinea,GN, ,GV,324,1943,Present,8154267,246076.5,33.13712199,Western Africa,Africa,1,0,0,0,Sub-Saharan Africa,Low income,Severely indebted,HIPC,0,0,0,0,0,1,0,0,1,0,0,0,0,0,0,0,0,0,0,0,0,0,0,0,0,1,0,0,0,0,1,53.78815546,20.21895488,-10.93695955,10.43625355
97,98,98,GUY,Guyana,GUYANA,Guyana,Guyana, ,British Guiana, ,Guyana,Guyana,??????,?????,???, , ,Guyana,GY, ,GY,328,19660526,Present,760513,211241.297,3.600209859,South America,Americas,1,0,0,0,Latin America & Caribbean,Lower middle income,Severely indebted,HIPC,0,0,0,0,0,0,0,0,0,0,0,0,0,0,0,0,0,0,0,0,0,1,1,0,0,1,0,1,1,0,0,36.73191025,17.10662092,-58.97967278,4.793326897
98,99,99,HTI,Haiti,HAITI,Haiti,Haiti, , , ,Haïti,Haiti,?????,?????,??, , ,Haiti,HT, ,HA,332,1804,Present,8142471,27156.939,299.8302202,Caribbean,Americas,1,0,0,0,Latin America & Caribbean,Low income,Less indebted, ,0,0,0,0,0,0,0,0,0,0,0,0,0,0,0,0,0,0,0,0,0,0,1,0,0,1,0,1,1,1,1,25.39010289,2.325013846,-72.68393908,18.93738747
99,100,100,HMD,Heard Island and McDonald Islands,HEARD ISLAND AND MCDONALD ISLANDS, ,Heard and Mc Donald, , , ,Île Heard et Îles Mcdonald,Islas de Heard y McDonald, , , , , ,Australia,HM, ,HM,334,Unknown,Present,0,388.109,0, , ,0,0,0,0, , , , ,0,0,0,0,0,0,0,0,0,0,0,0,0,0,0,0,0,0,0,0,0,0,0,0,0,0,0,0,0,0,0,2.06561286,0.048692975,73.51061832,-53.09260553
100,101,101,HND,Honduras,HONDURAS,Honduras,Honduras, , , ,Honduras,Honduras,????????,???????,????, , ,Honduras,HN, ,HO,340,Unknown,Present,6416635,112852,56.85885053,Central America,Americas,1,0,0,0,Latin America & Caribbean,Lower middle income,Moderately indebted,HIPC,0,0,0,0,0,0,0,0,0,0,0,0,0,0,1,0,0,0,0,0,0,0,0,0,0,0,0,0,0,0,0,37.83291865,9.428666566,-86.61620049,14.81824818
101,102,102,HKG,Hong Kong,HONG KONG, ,Hong Kong, ,Hongkong, ,Hong-Kong,Hong Kong,???????,???? ????,??, , ,China,HK, ,HK,344,1900,Present,6859822,1092,6281.888278,Eastern Asia,Asia,1,0,0,0, ,High income: nonOECD,Debt not classified, ,0,0,0,0,0,0,0,0,0,0,0,0,0,0,0,0,0,0,0,0,0,0,0,0,0,0,0,0,0,0,0,10.59732327,0.099025249,114.1349649,22.3811208
102,103,103,HUN,Hungary,HUNGARY,Hungary,Magyarorszag, ,Magyarország, ,Hongrie,Hungría,???????,?????,???,Austria-Hungary, ,Hungary,HU, ,HU,348,1900,Present,9967555,92782.203,107.4296005,Eastern Europe,Europe,2,0,0,1,Europe & Central Asia,Upper middle income,Moderately indebted, ,0,0,0,0,0,0,0,0,0,0,0,0,0,0,0,0,0,0,0,0,0,0,0,1,0,0,1,0,0,0,0,22.74295228,11.04030632,19.41404386,47.16732303
103,104,104,ISL,Iceland,ICELAND,Iceland,Lyoveldio Island, ,Iceland, ,Islande,Islandia,????????,???????,??, , ,Iceland,IS, ,IC,352,Unknown,Present,279291,101805.297,2.743383775,Northern Europe,Europe,2,0,0,1, ,High income: OECD,Debt not classified, ,0,0,0,0,0,0,0,0,0,0,0,0,0,0,0,0,0,0,0,0,0,0,0,0,0,0,0,0,0,1,0,101.4098755,19.42474511,-18.58134784,64.98316938
104,105,105,IND,India,INDIA,India,Bharat, ,Bharat|Damão and Diu|Goa|Hindustan, ,Inde,India,?????,?????,??, , ,India,IN, ,IN,356,Unknown,Present,1008937356,3089282,326.5928316,Southern Asia,Asia,1,0,0,0,South Asia,Low income,Less indebted, ,0,0,0,0,0,0,0,0,0,0,0,0,0,0,0,0,0,1,0,0,0,0,0,0,0,0,0,0,0,0,0,337.1769497,278.7024271,79.62083351,22.88262855
105,106,106,IDN,Indonesia,INDONESIA,Indonesia,Indonesia,Dutch Borneo|Dutch East Indies|Dutch New Guinea|East Indies|Netherlands Indies|West New Guinea|Nederlands Indië, , ,Indonésie,Indonesia,?????????,?????????,"?????, ??", , ,Indonesia,ID, ,ID,360,19491227,Present,212092024,1910842,110.9940142,South-Eastern Asia,Asia,1,0,0,0,East Asia & Pacific,Lower middle income,Severely indebted, ,0,0,0,0,0,0,0,0,0,0,0,0,0,0,0,0,0,0,1,0,0,0,0,0,0,0,0,0,0,1,0,1008.911746,153.8812468,117.284122,-2.233109338
106,107,107,IRN,Iran,"IRAN, ISLAMIC REPUBLIC OF","Iran, Islamic Rep of",Iran, ,Islamic Republic of Iran|Persia, ,République Islamique d' Iran,Irán,????,?????,??, , ,Iran,IR, ,IR,364,1900,Present,70330053,1624760,43.28642569,Southern Asia,Asia,1,0,0,0,Middle East & North Africa,Lower middle income,Less indebted, ,0,0,0,0,0,0,0,0,0,0,0,0,0,0,0,0,0,0,0,0,0,0,0,0,0,0,0,0,0,0,0,117.2522985,155.9908967,54.30403255,32.55724766
107,108,108,IRQ,Iraq,IRAQ,Iraq,Iraq, ,Mesopotamia, ,Iraq,Iraq,????,??????,???, , ,Iraq,IQ, ,IZ,368,1920,Present,22946245,436421.906,52.57812379,Western Asia,Asia,1,0,0,0,Middle East & North Africa,Lower middle income,Debt not classified, ,0,0,0,0,0,0,0,0,0,0,0,0,0,0,0,0,0,0,0,0,0,0,0,0,0,0,0,0,0,0,0,35.52035015,42.9971227,43.75480684,32.99986695
108,109,109,IRL,Ireland,IRELAND,Ireland,Éire, ,Éire|Irish Free State, ,Irlande,Irlanda,????????,???????,???, , ,Ireland,IE, ,EI,372,19211206,Present,3803085,69384.156,54.81200924,Northern Europe,Europe,2,0,0,1, ,High income: OECD,Debt not classified,EMU,0,0,0,0,0,0,0,0,0,0,0,0,0,0,0,0,0,0,0,0,0,0,0,1,0,0,0,0,0,0,0,109.3012301,9.458364663,-8.153348663,53.18026614
109,110,110,IMN,Isle of Man,ISLE OF MAN,Isle of Man,Isle of Man, ,Man, ,Île de Man,Isla Man, , , , , ,United Kingdom,IM, ,IM,833,1765,Present,80000,572,139.8601399,Western Europe,Europe,2,0,0,0, ,High income: nonOECD,Debt not classified, ,0,0,0,0,0,0,0,0,0,0,0,0,0,0,0,0,0,0,0,0,0,0,0,0,0,0,0,0,0,0,0,2.360592403,0.079852335,-4.539158757,54.22757984
110,111,111,ISR,Israel,ISRAEL,Israel,Yisra'el, , , ,Israël,Israel,???????,???????,???, , ,Israel,IL, ,IS,376,19480514,Present,6040427,20773.82,290.7711244,Western Asia,Asia,1,0,0,0, ,High income: nonOECD,Debt not classified, ,0,0,0,0,0,0,0,0,0,0,0,0,0,0,0,0,0,0,0,0,0,0,0,0,0,0,0,0,0,0,0,12.71601245,2.10294666,35.01316867,31.45568158
111,112,112,ITA,Italy,ITALY,Italy,Italia, , , ,Italie,Italia,??????,???????,???, ,Trieste,Italy,IT, ,IT,380,1946,Present,57529998,300979.5,191.1425795,Southern Europe,Europe,2,0,0,1, ,High income: OECD,Debt not classified,EMU,0,0,0,0,0,0,0,0,0,0,0,0,0,0,0,0,0,0,0,0,0,0,0,1,0,0,0,0,0,0,0,138.5449626,33.12663787,12.07820001,42.78972812
112,113,113,JAM,Jamaica,JAMAICA,Jamaica,Jamaica, , , ,Jamaïque,Jamaica,??????,??????,???, , ,Jamaica,JM, ,JM,388,19620806,Present,2576085,11043.86,233.2594763,Caribbean,Americas,1,0,0,0,Latin America & Caribbean,Lower middle income,Moderately indebted, ,0,0,0,0,0,0,0,0,0,0,0,0,0,0,0,0,0,0,0,0,0,0,1,0,0,1,0,1,1,1,0,10.19012844,0.939264132,-77.31031154,18.15688944
113,114,114,JPN,Japan,JAPAN,Japan,Nippon, ,Japan|Ryukyu Islands, ,Japon,Japón,??????,???????,??, , ,Japan,JP, ,JA,392,19470402,Present,127096314,373049.406,340.6956611,Eastern Asia,Asia,2,0,0,1, ,High income: OECD,Debt not classified, ,0,0,0,0,0,0,0,0,0,0,0,0,0,0,0,0,0,0,0,0,0,0,0,0,0,0,0,0,0,1,0,306.510779,38.05556886,137.9494373,37.53119621
114,115,115,JEY,Jersey,JERSEY, ,Jersey, ,Channel Islands, ,Jersey,Jersey, , , , , ,United Kingdom,JE, ,JE,832,Unknown,Present,87000,116,750,Western Europe,Europe,2,0,0,0, ,High income: nonOECD,Debt not classified, ,0,0,0,0,0,0,0,0,0,0,0,0,0,0,0,0,0,0,0,0,0,0,0,0,0,0,0,0,0,0,0,1.297761979,0.015445995,-2.132466676,49.21382318
115,116,116,JOR,Jordan,JORDAN,Jordan,Al Urdun, ,Transjordan, ,Jordanie,Jordania,????????,??????,??, , ,Jordan,JO, ,JO,400,Unknown,Present,4913115,89274.594,55.0337423,Western Asia,Asia,1,0,0,0,Middle East & North Africa,Lower middle income,Severely indebted, ,0,0,0,0,0,0,0,0,0,0,0,0,0,0,0,0,1,0,0,0,0,0,0,0,0,0,0,0,0,0,0,16.53753945,8.439635268,36.78888363,31.2492614
116,117,117,KAZ,Kazakhstan,KAZAKHSTAN,Kazakhstan,Qazaqstan,Kazakh SSR|Kazakh S.S.R., , ,Kazakstan,Kazajstán,?????????,?????????,?????,Soviet Union|Union of Soviet Socialist Republics|U.S.S.R.|USSR|CCCP|C.C.C.P., ,Kazakhstan,KZ, ,KZ,398,19911208,Present,16172470,2715976,5.954570291,Central Asia,Asia,1,1,0,0,Europe & Central Asia,Lower middle income,Severely indebted, ,0,0,0,0,0,0,0,0,0,0,0,0,0,0,0,1,0,0,0,0,0,0,0,0,0,0,1,0,0,0,0,168.969753,330.5612529,67.25516613,48.15737876
117,118,118,KEN,Kenya,KENYA,Kenya,Kenya, ,British East Africa, ,Kenya,Kenia,?????,?????,???, , ,Kenya,KE, ,KE,404,19050401,Present,30668697,584428.688,52.47637159,Eastern Africa,Africa,1,0,0,0,Sub-Saharan Africa,Low income,Moderately indebted, ,0,0,0,1,1,0,1,0,0,0,0,0,0,0,0,0,0,0,0,0,0,0,0,0,0,1,0,0,0,0,0,48.65029886,47.6425347,37.84566798,0.552740914
118,119,119,KIR,Kiribati,KIRIBATI,Kiribati,Kiribati|Kiribas, ,Gilbert Islands, ,Kiribati,Kiribati,????????,????????,????, , ,Kiribati,KI, ,KR,296,Unknown,Present,91985,1049.99,87.60559624,Micronesia,Oceania,1,0,0,0,East Asia & Pacific,Lower middle income,Debt not classified, ,0,0,0,0,0,0,0,0,0,0,0,0,0,1,0,0,0,0,0,0,0,0,0,0,0,1,0,1,1,1,1,19.62402669,0.082310528,-39.19725472,0.564676734
119,120,120,XKO,Kosovo,<Null>, ,Kosova, ,Republika e Kosovës|Kosovë|Kosovo|??????, , , , , , , , , , , , ,0, , ,0,0,0, , ,0,0,0,0, , , , ,0,0,0,0,0,0,0,0,0,0,0,0,0,0,0,0,0,0,0,0,0,0,0,0,0,0,0,0,0,0,0,6.970460704,1.19717429,20.87545304,42.56588194
120,121,121,KWT,Kuwait,KUWAIT,Kuwait,Al Kuwayt, , , ,Koweït,Kuwait,??????,??????,???, , ,Kuwait,KW, ,KU,414,Unknown,Present,1914404,16983.971,112.7182801,Western Asia,Asia,1,0,0,0, ,High income: nonOECD,Debt not classified, ,0,0,0,0,0,0,0,0,0,0,0,0,0,0,0,0,0,0,0,0,1,0,0,0,0,0,0,0,0,0,0,14.22226079,1.615613766,47.61299138,29.35404166
121,122,122,KGZ,Kyrgyzstan,KYRGYZSTAN,Kyrgyzstan,Kyrgyz Respublikasy,Kyrgyz SSR|Kyrgyz S.S.R., , ,Kirghizistan,Kirguistán,????????,??????????,??????,Soviet Union|Union of Soviet Socialist Republics|U.S.S.R.|USSR|CCCP|C.C.C.P., ,Kyrgyzstan,KG, ,KG,417,19241014,Present,4920847,199340,24.6856978,Central Asia,Asia,1,1,0,0,Europe & Central Asia,Low income,Severely indebted, ,0,0,0,0,0,0,0,0,0,0,0,0,0,0,0,1,0,0,0,0,0,0,0,0,0,0,1,0,0,0,0,43.6854422,21.41310999,74.56038889,41.46504747
122,123,123,LAO,Laos,LAO PEOPLE'S DEMOCRATIC REPUBLIC,Laos,Lao, ,Lao People's Democratic Republic|Lao|Lanxang, ,"Lao, République Démocratique Populaire",Laos,????,????,??, , ,Laos,LA, ,LA,418,19490719,Present,5278563,230566.094,22.89392559,South-Eastern Asia,Asia,1,0,0,0,East Asia & Pacific,Low income,Severely indebted,HIPC,0,0,0,0,0,0,0,0,0,0,0,0,0,0,0,0,0,0,1,0,0,0,0,0,0,0,0,0,0,0,1,47.81719664,19.67895611,103.7672902,18.49518157
123,124,124,LVA,Latvia,LATVIA,Latvia,Latvija,Latvian SSR|Latvian S.S.R., , ,Lettonie,Letonia,??????,??????,????,Soviet Union|Union of Soviet Socialist Republics|U.S.S.R.|USSR|CCCP|C.C.C.P., ,Latvia,LV, ,LG,428,19181118,Present,2420546,64298.891,37.64522159,Northern Europe,Europe,2,0,0,0,Europe & Central Asia,Upper middle income,Severely indebted, ,0,0,0,0,0,0,0,0,0,0,0,0,0,0,0,0,0,0,0,0,0,0,0,1,0,0,0,0,0,0,0,26.21037666,9.524928645,24.93158492,56.85330089
124,125,125,LBN,Lebanon,LEBANON,Lebanon,Lubnan, , , ,Liban,Líbano,?????,?????,???, , ,Lebanon,LB, ,LE,422,Unknown,Present,3496489,10239.88,341.4580054,Western Asia,Asia,1,0,0,0,Middle East & North Africa,Upper middle income,Severely indebted, ,0,0,0,0,0,0,0,0,0,0,0,0,0,0,0,0,0,0,0,0,0,0,0,0,0,0,0,0,0,0,0,7.853146661,0.998173282,35.89170193,33.91956626
125,126,126,LSO,Lesotho,LESOTHO,Lesotho,Lesotho, ,Basutoland, ,Lesotho,Lesotho,??????,??????,???, , ,Lesotho,LS, ,LT,426,19661004,Present,2034667,30351.641,67.03647424,Southern Africa,Africa,1,0,0,0,Sub-Saharan Africa,Low income,Less indebted, ,0,0,0,0,0,0,0,0,0,1,0,0,0,0,0,0,0,0,0,0,0,0,0,0,0,1,1,0,0,0,1,10.56947631,2.844290925,28.24668416,-29.58296167
126,127,127,LBR,Liberia,LIBERIA,Liberia,Liberia, , , ,Libéria,Liberia,???????,???????,????, , ,Liberia,LR, ,LI,430,1900,Present,2913064,96296.031,30.25113257,Western Africa,Africa,1,0,0,0,Sub-Saharan Africa,Low income,Severely indebted,HIPC,0,0,0,0,0,1,0,0,1,0,0,0,0,0,0,0,0,0,0,0,0,0,0,0,0,1,0,0,0,0,1,22.16560793,7.841757023,-9.307268563,6.445287665
127,128,128,LBY,Libya,LIBYAN ARAB JAMAHIRIYA,Libyan Arab Jamahiriya,Libiyah,Cyrenaica|Tripolitania,Libyan Arab Jamahiriya, ,Libye,Libia,?????,?????,???, , ,Libya,LY, ,LY,434,19511224,Present,5289730,1620515,3.26422773,Northern Africa,Africa,1,0,0,0,Middle East & North Africa,Upper middle income,Debt not classified, ,0,0,0,1,0,0,0,0,0,0,0,1,0,0,0,0,0,0,0,0,0,0,0,0,0,0,0,0,0,0,0,67.60695144,147.2045762,18.03117099,27.04032325
128,129,129,LIE,Liechtenstein,LIECHTENSTEIN,Liechtenstein,Liechtenstein, , , ,Liechtenstein,Liechtenstein,???????????,?????????,?????, , ,Liechtenstein,LI, ,LS,438,1919,Present,322207,164.8,1955.139563,Western Europe,Europe,2,0,0,0, ,High income: nonOECD,Debt not classified, ,0,0,0,0,0,0,0,0,0,0,0,0,0,0,0,0,0,0,0,0,0,0,0,0,0,0,1,0,0,0,0,0.751633577,0.019215079,9.553804778,47.14246314
129,130,130,LTU,Lithuania,LITHUANIA,Lithuania,Lietuva, ,Memel, ,Lituanie,Lituania,?????,???????,???,Soviet Union|Union of Soviet Socialist Republics|U.S.S.R.|USSR|CCCP|C.C.C.P., ,Lithuania,LT, ,LH,440,19390322,Present,3696093,64849.199,56.99519897,Northern Europe,Europe,2,0,0,0,Europe & Central Asia,Upper middle income,Moderately indebted, ,0,0,0,0,0,0,0,0,0,0,0,0,0,0,0,0,0,0,0,0,0,0,0,1,0,0,0,0,0,0,0,23.74101303,9.202343115,23.9049656,55.33487481
130,131,131,LUX,Luxembourg,LUXEMBOURG,Luxembourg,Luxembourg|Letzebuerg, , , ,Luxembourg,Luxemburgo,??????????,?????????,???, , ,Luxembourg,LU, ,LU,442,1900,Present,436818,2594.117,168.3879332,Western Europe,Europe,2,0,0,1, ,High income: OECD,Debt not classified,EMU,0,0,0,0,0,0,0,0,0,0,0,0,0,0,0,0,0,0,0,0,0,0,0,1,0,0,1,0,0,0,0,3.568452916,0.322242945,6.094189195,49.77649888
131,132,132,MAC,Macao,MACAO, ,Aomen, ,Macau, ,Macao,Macao,?????,?????,??, , ,China,MO, ,MC,446,18871201,Present,444312,12.898,34448.13149,Eastern Asia,Asia,1,0,0,0, ,High income: nonOECD,Debt not classified, ,0,0,0,0,0,0,0,0,0,0,0,0,0,0,0,0,0,0,0,0,0,0,0,0,0,0,0,0,0,1,0,0.787666208,0.002952674,113.5606508,22.1631951
132,133,133,MKD,Macedonia,"MACEDONIA, THE FORMER YUGOSLAV REPUBLIC OF","Macedonia,The Fmr Yug Rp",Makedonija, ,"Macedonia, The Former Yugoslav Republic of|The former Yugoslav Republic of Macedonia", ,"Macédoine, l'ex-République Yougoslave de",Macedonia,?????????,???????,???,Jugoslavia|Yugoslavia, ,Macedonia,MK, ,MK,807,19910125,Present,2033975,25321.289,80.32667689,Southern Europe,Europe,2,0,1,0,Europe & Central Asia,Lower middle income,Less indebted, ,0,0,0,0,0,0,0,0,0,0,0,0,0,0,0,0,0,0,0,0,0,0,0,0,0,0,1,0,0,0,0,8.054251125,2.680874323,21.69197597,41.59296349
133,134,134,MDG,Madagascar,MADAGASCAR,Madagascar,Madagascar, ,Malagasy Republic, ,Madagascar,Madagascar,??????????,??????,?????, , ,Madagascar,MG, ,MA,450,19581014,Present,15970364,594856.375,26.84742851,Eastern Africa,Africa,1,0,0,0,Sub-Saharan Africa,Low income,Moderately indebted,HIPC,0,0,0,1,0,0,0,1,0,0,0,0,0,0,0,0,0,0,0,0,0,0,0,0,0,1,0,0,0,1,1,116.4025884,50.93823,46.69861835,-19.37564815
134,135,135,MWI,Malawi,MALAWI,Malawi,Malawi,British Central Africa,Nyasaland, ,Malawi,Malawi,??????,??????,???, , ,Malawi,MW, ,MI,454,19640706,Present,11308352,119027.898,95.00589517,Eastern Africa,Africa,1,0,0,0,Sub-Saharan Africa,Low income,Severely indebted,HIPC,0,0,0,1,0,0,0,0,0,0,0,0,0,0,0,0,0,0,0,0,0,0,0,0,0,1,1,0,0,0,1,27.25714972,9.847974559,34.30048214,-13.215077
135,136,136,MYS,Malaysia,MALAYSIA,Malaysia,Malaysia,British North Borneo|Federated States of Malaya|Labuan|Malaya|Sarawak|Straits Settlements, , ,Malaisie,Malasia,????????,???????,????, , ,Malaysia,MY, ,MY,458,19510831,Present,22218485,330269.594,67.27378301,South-Eastern Asia,Asia,1,0,0,0,East Asia & Pacific,Upper middle income,Moderately indebted, ,0,0,0,0,0,0,0,0,0,0,0,0,0,0,0,0,0,0,1,0,0,0,0,0,0,0,0,0,0,0,0,135.4034281,26.81785955,109.7058757,3.794283389
136,137,137,MDV,Maldives,MALDIVES,Maldives,Dhivehi Raajje, , , ,Maldives,Maldivas,????????,????????,????, , ,Maldives,MV, ,MV,462,Unknown,Present,290959,165.325,1759.921367,Southern Asia,Asia,1,0,0,0,South Asia,Lower middle income,Less indebted, ,0,0,0,0,0,0,0,0,0,0,0,0,0,0,0,0,0,1,0,0,0,0,0,0,0,0,0,1,1,1,1,22.86015383,0.024419028,73.22535966,3.718028928
137,138,138,MLI,Mali,MALI,Mali,Mali,French Sudan|Upper Senegal and Niger, , ,Mali,Malí,????,????,??, , ,Mali,ML, ,ML,466,19600822,Present,11350798,1256747,9.031887882,Western Africa,Africa,1,0,0,0,Sub-Saharan Africa,Low income,Less indebted,HIPC,0,0,0,0,0,1,0,0,0,0,1,0,0,0,0,0,0,0,0,0,0,0,0,0,0,1,1,0,0,0,1,69.38529336,106.5590782,-3.522152416,17.35624109
138,139,139,MLT,Malta,MALTA,Malta,Malta, , , ,Malte,Malta,??????,?????,???, , ,Malta,MT, ,MT,470,Unknown,Present,389941,332.366,1173.227707,Southern Europe,Europe,2,0,0,0, ,High income: nonOECD,Debt not classified, ,0,0,0,0,0,0,0,0,0,0,0,0,0,0,0,0,0,0,0,0,0,0,0,1,0,0,0,1,0,1,0,2.511064228,0.032489703,14.3990134,35.92322952
139,140,140,MHL,Marshall Islands,MARSHALL ISLANDS,Marshall Islands,Marshall Islands, , , ,Îles Marshall,Islas Marshall,?????????? ???????,??? ??????,?????, , ,Marshall Islands,MH, ,RM,584,1920,Present,68126,134.353,507.0672036,Micronesia,Oceania,1,0,0,0,East Asia & Pacific,Lower middle income,Debt not classified, ,0,0,0,0,0,0,0,0,0,0,0,0,0,1,0,0,0,0,0,0,0,0,0,0,0,1,0,1,1,1,0,22.16952669,0.024685918,168.9954874,8.660982319
140,141,141,MTQ,Martinique,MARTINIQUE,Martinique,Martinique, , , ,Martinique,Martinica,?????????,????????,????, , ,France,MQ, ,MB,474,1946,Present,383385,1100.634,348.3310528,Caribbean,Americas,1,0,0,0, , , , ,0,0,0,0,0,0,0,0,0,0,0,0,0,0,0,0,0,0,0,0,0,0,0,0,0,0,0,0,0,0,0,4.557010337,0.093798894,-61.01775541,14.65263713
141,142,142,MRT,Mauritania,MAURITANIA,Mauritania,Muritaniyah, , , ,Mauritanie,Mauritania,??????????,?????????,?????, , ,Mauritania,MR, ,MR,478,~1900,Present,2664528,1041570,2.55818428,Western Africa,Africa,1,0,0,0,Sub-Saharan Africa,Low income,Moderately indebted,HIPC,0,0,0,0,0,0,0,0,0,0,0,1,0,0,0,0,0,0,0,0,0,0,0,0,0,1,0,0,0,0,1,60.72394958,90.14140716,-10.33709294,20.26514892
142,143,143,MUS,Mauritius,MAURITIUS,Mauritius,Mauritius, , , ,Île Maurice,Mauricio,????????,????????,????, , ,Mauritius,MU, ,MP,480,Unknown,Present,1161371,2035.197,570.6430385,Eastern Africa,Africa,1,0,0,0,Sub-Saharan Africa,Upper middle income,Moderately indebted, ,0,0,0,1,0,0,0,1,0,0,0,0,0,0,0,0,0,0,0,0,0,0,0,0,0,1,0,1,1,1,0,6.525168853,0.175167782,57.89582387,-20.11977368
143,144,144,MYT,Mayotte,MAYOTTE,Mayotte,Mayotte, , , ,Mayotte,Mayotte, , , , , ,France,YT, ,MF,175,Unknown,Present,155991,393.379,396.541249,Eastern Africa,Africa,1,0,0,0,Sub-Saharan Africa,Upper middle income,Debt not classified, ,0,0,0,0,0,0,0,1,0,0,0,0,0,0,0,0,0,0,0,0,0,0,0,0,0,1,0,0,0,0,0,2.841865692,0.032611439,45.14840448,-12.82122007
144,145,145,MEX,Mexico,MEXICO,Mexico,México|Estados Unidos Mexicanos, ,Estados Unidos Mexicanos|Méjico, ,Mexique,México,???????,???????,???, , ,México,MX, ,MX,484,1900,Present,98872230,1962939,50.36948677,Central America,Americas,1,0,0,1,Latin America & Caribbean,Upper middle income,Less indebted, ,0,0,0,0,0,0,0,0,0,0,0,0,0,0,0,0,0,0,0,1,0,0,0,0,0,0,0,0,0,0,0,316.8272059,173.6871021,-102.5470716,23.95053382
145,146,146,FSM,Micronesia,"MICRONESIA, FEDERATED STATES OF","Micronesia,Fed States of",Micronesia, ,"Caroline Islands|Micronesia, Federated States of|Federated States of Micronesia", ,États Fédérés de Micronésie,"Micronesia, Estados Federados de","??????????, ???????????? ?",???????????,??????, , ,Micronesia,FM, ,FM,583,19790510,Present,516100,701.358,735.8581495,Micronesia,Oceania,1,0,0,0,East Asia & Pacific,Lower middle income,Debt not classified, ,0,0,0,0,0,0,0,0,0,0,0,0,0,1,0,0,0,0,0,0,0,0,0,0,0,1,0,1,1,1,0,12.60070582,0.063436112,154.6491748,7.081244351
146,147,147,MDA,Moldova,"MOLDOVA, REPUBLIC OF","Moldova, Republic of",Moldova, ,"Moldova, Republic of|Republic of Moldova|Moldavia", ,"Moldova, République de",Moldavia,????????,????????,????, , ,Moldova,MD, ,MD,498,19400802,Present,4295453,33566.98,127.9666208,Eastern Europe,Europe,2,1,0,0,Europe & Central Asia,Low income,Moderately indebted, ,0,0,0,0,0,0,0,0,0,0,0,0,0,0,0,0,0,0,0,0,0,0,0,0,0,0,1,0,0,0,0,19.71646467,4.025829989,28.46852642,47.20411188
147,148,148,MCO,Monaco,MONACO, ,Monaco, , , ,Monaco,Mónaco,??????,??????,???, , ,Monaco,MC, ,MN,492,~1900,Present,31693,11.988,2643.72706,Western Europe,Europe,2,0,0,0, ,High income: nonOECD,Debt not classified, ,0,0,0,0,0,0,0,0,0,0,0,0,0,0,0,0,0,0,0,0,0,0,0,0,0,0,0,0,0,0,0,0.117024633,0.000263065,7.423269093,43.73567913
148,149,149,MNG,Mongolia,MONGOLIA,Mongolia,Mongol Uls, ,Outer Mongolia, ,Mongolie,Mongolia,????????,???????,??, , ,Mongolia,MN, ,MG,496,19210711,Present,2533299,1559176,1.624767826,Eastern Asia,Asia,1,0,0,0,East Asia & Pacific,Low income,Moderately indebted, ,0,0,0,0,0,0,0,0,0,0,0,0,0,0,0,0,0,0,0,0,0,0,0,0,0,0,1,0,0,0,0,90.04383852,184.8266012,103.067029,46.83639072
149,150,150,MNE,Montenegro,MONTENEGRO, ,Crna Gora, , , ,Monténégro,Montenegro,??????????,????? ?????,??, , ,Montenegro,ME, ,MJ,499,20060603,Present,680151,13743.05,49.49054249,Southern Europe,Europe,2,0,0,0,Europe & Central Asia,Lower middle income,Severely indebted, ,0,0,0,0,0,0,0,0,0,0,0,0,0,0,0,0,0,0,0,0,0,0,0,0,0,0,0,0,0,0,0,9.943034371,1.466914978,19.23710139,42.77737641
150,151,151,MSR,Montserrat,MONTSERRAT,Montserrat,Montserrat, ,Leeward Islands|West Indies Federation, ,Montserrat,Montserrat,?????????,?????????, , , ,United Kingdom,MS, ,MH,500,Unknown,Present,4000,105.428,37.94058504,Caribbean,Americas,1,0,0,0, , , , ,0,0,0,0,0,0,0,0,0,0,0,0,0,0,0,0,0,0,0,0,0,0,1,0,0,0,0,0,1,1,0,0.568336487,0.008528866,-62.18968497,16.73945201
151,152,152,MAR,Morocco,MOROCCO,Morocco,Al Maghrib, ,Ifni|Rio de Oro|Tangier, ,Maroc,Marruecos,???????,??????,???, , ,Morocco,MA, ,MO,504,19560407,Present,29878403,403859.812,73.98211486,Northern Africa,Africa,1,0,0,0,Middle East & North Africa,Lower middle income,Less indebted, ,0,0,0,0,0,0,0,0,0,0,0,1,0,0,0,0,0,0,0,0,0,0,0,0,0,0,0,0,0,0,0,49.16389798,39.421428,-6.276138678,31.84655878
152,153,153,MOZ,Mozambique,MOZAMBIQUE,Mozambique,Mocambique, ,State of East Africa, ,Mozambique,Mozambique,????????,???????,????, , ,Mozambique,MZ, ,MZ,508,19750625,Present,18292382,788628.875,23.19517149,Eastern Africa,Africa,1,0,0,0,Sub-Saharan Africa,Low income,Less indebted,HIPC,0,0,0,0,0,0,0,0,0,0,0,0,1,0,0,0,0,0,0,0,0,0,0,0,0,1,0,0,0,0,1,124.4032703,67.05780515,35.55143741,-17.25958075
153,154,154,MMR,Myanmar,MYANMAR,Myanmar,Myanma Naingngandaw, ,Burma, ,"Myanmar, Birmanie","Myanmar, Birmania",??????,???????,??, , ,Myanmar,MM, ,BM,104,19370401,Present,47748939,669820.875,71.28613153,South-Eastern Asia,Asia,1,0,0,0,East Asia & Pacific,Low income,Severely indebted,HIPC,0,0,0,0,0,0,0,0,0,0,0,0,0,0,0,0,0,0,1,0,0,0,0,0,0,0,0,0,0,0,1,221.1250787,58.29828611,96.51047901,21.11712641
154,155,155,NAM,Namibia,NAMIBIA,Namibia,Namibia, ,South West Africa, ,Namibie,Namibia,???????,???????,????, , ,Namibia,NA, ,WA,516,19090321,Present,1756597,825632,2.127578631,Southern Africa,Africa,1,0,0,0,Sub-Saharan Africa,Lower middle income,Debt not classified, ,0,0,0,0,0,0,0,0,0,1,0,0,0,0,0,0,0,0,0,0,0,0,0,0,0,1,0,0,0,0,0,58.54091727,72.23427285,17.22051083,-22.13957602
155,156,156,NRU,Nauru,NAURU, ,Nauru, , , ,Nauru,Nauru,?????,????,??, , ,Nauru,NR, ,NR,520,1968,Present,11845,28.489,415.7745095,Micronesia,Oceania,1,0,0,0, , , , ,0,0,0,0,0,0,0,0,0,0,0,0,0,1,0,0,0,0,0,0,0,0,0,0,0,1,0,1,1,1,0,0.160251747,0.001799646,166.9344837,-0.528470427
156,157,157,NPL,Nepal,NEPAL,Nepal,Nepal, , , ,Népal,Nepal,?????,?????,???, , ,Nepal,NP, ,NP,524,1765,Present,23042704,147292.594,156.4417013,Southern Asia,Asia,1,0,0,0,South Asia,Low income,Less indebted, ,0,0,0,0,0,0,0,0,0,0,0,0,0,0,0,0,0,1,0,0,0,0,0,0,0,0,1,0,0,0,1,31.26464624,13.58044556,83.94608234,28.25904123
157,158,158,NLD,Netherlands,NETHERLANDS,Netherlands,Nederland, ,Holland|The Netherlands|Netherlands, ,Pays-Bas,"Países Bajos, Holanda",??????????,??????,??, , ,Nederland,NL, ,NL,528,1839,Present,15863747,35492.691,446.9581357,Western Europe,Europe,2,0,0,1, ,High income: OECD,Debt not classified,EMU,0,0,0,0,0,0,0,0,0,0,0,0,0,0,0,0,0,0,0,0,0,0,0,1,0,0,0,0,0,0,0,27.74878846,4.958244909,5.574516393,52.2631824
158,159,159,NCL,New Caledonia,NEW CALEDONIA,New Caledonia,Nouvelle-Calédonie, , , ,Nouvelle-Calédonie,Nueva Caledonia,????? ?????????,????????? ???????,??????, , ,France,NC, ,NC,540,Unknown,Present,215292,19140.609,11.24791797,Melanesia,Oceania,1,0,0,0, ,High income: nonOECD,Debt not classified, ,0,0,0,0,0,0,0,0,0,0,0,0,0,0,0,0,0,0,0,0,0,0,0,0,0,0,0,0,1,1,0,31.40635538,1.638917053,165.6998478,-21.30640338
159,160,160,NZL,New Zealand,NEW ZEALAND,New Zealand,Aotearoa, ,Aotearoa, ,Nouvelle-Zélande,Nueva Zelanda,????? ????????,?????????,???, , ,New Zealand,NZ, ,NZ,554,19070926,Present,3778004,266820.188,14.15936338,Australia and New Zealand,Oceania,2,0,0,1, ,High income: OECD,Debt not classified, ,0,0,0,0,0,0,0,0,0,0,0,0,0,1,0,0,0,0,0,0,0,0,0,0,0,0,0,0,0,1,0,179.0933755,29.26878821,171.4427131,-41.81850381
160,161,161,NIC,Nicaragua,NICARAGUA,Nicaragua,Nicaragua, , , ,Nicaragua,Nicaragua,?????????,?????????,????, , ,Nicaragua,NI, ,NU,558,1838,Present,5071423,129047.398,39.29891713,Central America,Americas,1,0,0,0,Latin America & Caribbean,Low income,Less indebted,HIPC,0,0,0,0,0,0,0,0,0,0,0,0,0,0,1,0,0,0,0,0,0,0,0,0,0,0,0,0,0,0,0,32.54747493,10.67850277,-85.03839015,12.84390878
161,162,162,NER,Niger,NIGER,Niger,Niger, , , ,Niger,Niger,?????,??????,???, , ,Niger,NE, ,NG,562,19600803,Present,10831545,1186021,9.13267556,Western Africa,Africa,1,0,0,0,Sub-Saharan Africa,Low income,Moderately indebted,HIPC,0,0,0,0,0,1,0,0,0,0,1,0,0,0,0,0,0,0,0,0,0,0,0,0,0,1,1,0,0,0,1,52.6883042,100.7784437,9.401243939,17.42437016
162,163,163,NGA,Nigeria,NIGERIA,Nigeria,Nigeria, , , ,Nigéria,Nigeria,???????,???????,????, , ,Nigeria,NG, ,NI,566,19601001,Present,113861753,912038.625,124.843126,Western Africa,Africa,1,0,0,0,Sub-Saharan Africa,Low income,Moderately indebted, ,0,0,0,0,0,1,0,0,0,0,0,0,0,0,0,0,0,0,0,0,0,0,0,0,0,1,0,0,0,0,0,124.1965574,74.87765614,8.097575008,9.592267701
163,164,164,NIU,Niue,NIUE,Niue,Niue, ,Savage Island, ,Nioué,Niue,????,??, , , ,New Zealand,NU, ,NE,570,1900,Present,2113,227.818,9.274947546,Polynesia,Oceania,1,0,0,0, , , , ,0,0,0,0,0,0,0,0,0,0,0,0,0,1,0,0,0,0,0,0,0,0,0,0,0,1,0,1,1,1,0,0.636061044,0.022887391,-169.8585491,-19.05241416
164,165,165,NFK,Norfolk Island,NORFOLK ISLAND, ,Norfolk Island, , , ,"Norfolk, Île",Norfolk Island, , , , , ,Australia,NF, ,NF,574,Unknown,Present,1892,41.623,45.45563751,Australia and New Zealand,Oceania,2,0,0,0, , , , ,0,0,0,0,0,0,0,0,0,0,0,0,0,0,0,0,0,0,0,0,0,0,0,0,0,0,0,0,0,1,0,0.445939854,0.003763894,167.9523317,-29.0382441
165,166,166,PRK,North Korea,"KOREA, DEMOCRATIC PEOPLE'S REPUBLIC OF","Korea, Dem People's Rep",Choson, ,"Korea, North|Korea, Democratic People's Republic of|Democratic People's Republic of Korea",???????????,"Corée, République Populaire Démocratique de",Corea del Norte,"?????, ????????",????? ????????,"??, ???",Korea|Chosun|Chosen|Chos?n|Hanguk, ,North Korea,KP, ,KN,408,19530727,Present,22268377,122472.602,181.8233355,Eastern Asia,Asia,1,0,0,0,East Asia & Pacific,Low income,Debt not classified, ,0,0,0,0,0,0,0,0,0,0,0,0,0,0,0,0,0,0,0,0,0,0,0,0,0,0,0,0,0,0,0,65.39938691,12.97471041,127.1627788,40.13434638
166,167,167,XNC,Northern Cyprus,NOTHERN CYPRUS, , , , , , , , , , , , , , , , ,0, , ,0,0,0, , ,0,0,0,0, , , , ,0,0,0,0,0,0,0,0,0,0,0,0,0,0,0,0,0,0,0,0,0,0,0,0,0,0,0,0,0,0,0,7.006422197,0.328322414,33.59932845,35.27783414
167,168,168,MNP,Northern Mariana Islands,NORTHERN MARIANA ISLANDS,Northern Mariana Is,Northern Mariana Islands, ,Commonwealth of the Northern Mariana Islands, ,Îles Mariannes du Nord,Marianas del Norte,???????? ?????????? ??????,??? ??????? ????????, , , ,United States,MP, ,CQ,580,Unknown,Present,69221,581.331,119.073299,Micronesia,Oceania,1,0,0,0,East Asia & Pacific,Upper middle income,Debt not classified, ,0,0,0,0,0,0,0,0,0,0,0,0,0,0,0,0,0,0,0,0,0,0,0,0,0,0,0,0,1,1,0,3.717156664,0.042584958,145.600406,16.01238172
168,169,169,NOR,Norway,NORWAY,Norway,Norge, ,Norway, ,Norvège,Noruega,????????,???????,??, , ,Norway,NO, ,NO,578,19050607,Present,4469030,316962.406,14.09955855,Northern Europe,Europe,2,0,0,1, ,High income: OECD,Debt not classified, ,0,0,0,0,0,0,0,0,0,0,0,0,0,0,0,0,0,0,0,0,0,0,0,0,0,0,0,0,0,0,0,724.0535813,60.75286002,14.06965882,64.45838135
169,170,170,OMN,Oman,OMAN,Oman,Saltanat Uman, ,Muscat and Oman, ,Oman,Omán,????,?????,??, , ,Oman,OM, ,MU,512,1900,Present,2538161,309651.906,8.196820206,Western Asia,Asia,1,0,0,0,Middle East & North Africa,Upper middle income,Less indebted, ,0,0,0,0,0,0,0,0,0,0,0,0,0,0,0,0,0,0,0,0,1,0,0,0,0,0,0,0,0,0,0,50.76174968,26.80693531,56.09542169,20.5864242
170,171,171,PAK,Pakistan,PAKISTAN,Pakistan,Pakistan, ,Baluchistan|West Pakistan, ,Pakistan,Pakistán,????????,???????,????, , ,Pakistan,PK, ,PK,586,Unknown,Present,141256186,877753.375,160.9292428,Southern Asia,Asia,1,0,0,0,South Asia,Low income,Moderately indebted, ,0,0,0,0,0,0,0,0,0,0,0,0,0,0,0,0,0,1,0,0,0,0,0,0,0,0,0,0,0,0,0,112.6026824,81.83961266,69.39831465,29.96371294
171,172,172,PLW,Palau,PALAU,Palau,Belau, ,Belau, ,Palaos,Palau,?????,?????,??, , ,United States,PW, ,PS,585,1984,Present,18766,482.691,38.87787425,Micronesia,Oceania,1,0,0,0,East Asia & Pacific,Upper middle income,Debt not classified, ,0,0,0,0,0,0,0,0,0,0,0,0,0,1,0,0,0,0,0,0,0,0,0,0,0,1,0,1,1,1,0,6.790659216,0.039930123,134.4945321,7.402705414
172,173,173,PSE,Palestina,"PALESTINIAN TERRITORY, OCCUPIED","Palestine, Occupied Tr.",Filastin, ,"Occupied Palestinian Territory|Palestinian Territory, Occupied|Israel", ,Autorité Nationale Palestinienne,Palestina,???????????? ??????????,??????,????, , ,Palestina,PS, ,GZ&WE,275,Unknown,Present,1132000,373.525,3030.586975,Western Asia,Asia,1,0,0,0,Middle East & North Africa,Lower middle income,Debt not classified, ,0,0,0,0,0,0,0,0,0,0,0,0,0,0,0,0,0,0,0,0,0,0,0,0,0,0,0,0,0,0,0,5.075664999,0.593098497,35.20917632,31.9160648
173,174,174,PAN,Panama,PANAMA,Panama,Panamá, ,Canal Zone, ,Panama,Panamá,??????,????,???, , ,Panamá,PA, ,PM,591,19030311,Present,2855694,74697.109,38.23031491,Central America,Americas,1,0,0,0,Latin America & Caribbean,Upper middle income,Severely indebted, ,0,0,0,0,0,0,0,0,0,0,0,0,0,0,0,0,0,0,0,0,0,0,0,0,0,0,0,0,0,0,0,75.84659599,6.167954386,-80.10902175,8.513100069
174,175,175,PNG,Papua New Guinea,PAPUA NEW GUINEA,Papua New Guinea,Papua Niu Gini,British New Guinea|German New Guinea|New Britain|New Guinea, , ,Papouasie-Nouvelle-Guinée,Papúa-Nueva Guinea,?????  ????? ??????,????? ????? ???????,???????, , ,Papua New Guinea,PG, ,PP,598,19750916,Present,4809215,466161.188,10.31663537,Melanesia,Oceania,1,0,0,0,East Asia & Pacific,Low income,Moderately indebted, ,0,0,0,0,0,0,0,0,0,0,0,0,0,1,0,0,0,0,0,0,0,0,0,0,0,1,0,1,1,1,0,199.4372647,37.93554135,145.252318,-6.477286817
175,176,176,PIS,Paracel Islands, , , , , , , , , , , , , , , , , ,0, , ,0,0,0, , ,0,0,0,0, , , , ,0,0,0,0,0,0,0,0,0,0,0,0,0,0,0,0,0,0,0,0,0,0,0,0,0,0,0,0,0,0,0,1.43633298,0.001666132,112.3297187,16.57272968
176,177,177,PRY,Paraguay,PARAGUAY,Paraguay,Paraguay, , , ,Paraguay,Paraguay,????????,????????,???, , ,Paraguay,PY, ,PA,600,19380701,Present,5496467,400089.406,13.73809683,South America,Americas,1,0,0,0,Latin America & Caribbean,Lower middle income,Moderately indebted, ,0,0,0,0,0,0,0,0,0,0,0,0,0,0,0,0,0,0,0,0,0,1,0,0,0,0,1,0,0,0,0,34.88465742,35.27952704,-58.39278757,-23.24297308
177,178,178,PER,Peru,PERU,Peru,Perú, , , ,Pérou,Perú,????,????,??, , ,Perú,PE, ,PE,604,18210728,Present,25661679,1296912,19.78675423,South America,Americas,1,0,0,0,Latin America & Caribbean,Lower middle income,Severely indebted, ,0,0,0,0,0,0,0,0,0,0,0,0,0,0,0,0,0,0,0,0,0,1,0,0,1,0,0,0,0,0,0,101.5219836,106.6499549,-74.35651807,-9.173382933
178,179,179,PHL,Philippines,PHILIPPINES,Philippines,Pilipinas, ,Philippines, ,Philippines,Filipinas,?????????,????????,???, , ,Pilipinas,PH, ,RP,608,19460704,Present,75653257,298133.812,253.756045,South-Eastern Asia,Asia,1,0,0,0,East Asia & Pacific,Lower middle income,Moderately indebted, ,0,0,0,0,0,0,0,0,0,0,0,0,0,0,0,0,0,0,1,0,0,0,0,0,0,0,0,0,0,1,0,314.3641424,24.5864973,122.8657568,11.73598812
179,180,180,PCN,Pitcairn Islands,PITCAIRN, ,Pitcairn Island, , , ,Pitcairn,Isla Pitcairn, , , , , ,United Kingdom,PN, ,PC,612,Unknown,Present,54,53.367,1.011861263,Polynesia,Oceania,1,0,0,0, , , , ,0,0,0,0,0,0,0,0,0,0,0,0,0,0,0,0,0,0,0,0,0,0,0,0,0,0,0,0,0,1,0,0.78767796,0.004824552,-128.4954759,-24.42617582
180,181,181,POL,Poland,POLAND,Poland,Polska, ,Danzig, ,Pologne,Polonia,??????,???????,??, , ,Poland,PL, ,PL,616,1946,Present,38605447,310715.094,124.2470924,Eastern Europe,Europe,2,0,0,1,Europe & Central Asia,Upper middle income,Moderately indebted, ,0,0,0,0,0,0,0,0,0,0,0,0,0,0,0,0,0,0,0,0,0,0,0,1,0,0,0,0,0,0,0,52.84348494,40.96511067,19.40426831,52.12384203
181,182,182,PRT,Portugal,PORTUGAL,Portugal,Portugal, ,Azores|Madeira, ,Portugal,Portugal,??????????,????????,???, , ,Portugal,PT, ,PO,620,Unknown,Present,10015505,92098.273,108.7480218,Southern Europe,Europe,2,0,0,1, ,High income: OECD,Debt not classified,EMU,0,0,0,0,0,0,0,0,0,0,0,0,0,0,0,0,0,0,0,0,0,0,0,1,0,0,0,0,0,0,0,49.04979986,9.637675374,-8.514975674,39.59654814
182,183,183,PRI,Puerto Rico,PUERTO RICO,Puerto Rico,Puerto Rico, ,Porto Rico, ,Porto Rico,Puerto Rico,??????-????,????? ????,????, , ,United States,PR, ,RQ,630,1900,Present,3914717,9062.777,431.9555695,Caribbean,Americas,1,0,0,0, ,High income: nonOECD,Debt not classified, ,0,0,0,0,0,0,0,0,0,0,0,0,0,0,0,0,0,0,0,0,0,0,0,0,0,0,0,0,1,1,0,12.56983133,0.766243397,-66.46814778,18.22200984
183,184,184,QAT,Qatar,QATAR,Qatar,Dawlat Qatar, ,Katar, ,Qatar,Qatar,?????,???,???, , ,Qatar,QA, ,QA,634,19161103,Present,565439,11098.88,50.94559091,Western Asia,Asia,1,0,0,0, ,High income: nonOECD,Debt not classified, ,0,0,0,0,0,0,0,0,0,0,0,0,0,0,0,0,0,0,0,0,1,0,0,0,0,0,0,0,0,0,0,11.52503543,1.041946436,51.19034426,25.28222472
184,185,185,COG,Republic of Congo,CONGO,"Congo, Republic of",République du Congo,French Kongo|Middle Congo|French Equatorial Africa,"Congo, Republic of|Congo (Brazzaville)", ,République du Congo,República del Congo,?????????? ?????,??????? ???????,???????, , ,Republic of Congo,CG, ,CF,178,19600815,Present,3018426,345429.5,8.738182466,Middle Africa,Africa,1,0,0,0,Sub-Saharan Africa,Low income,Severely indebted,HIPC,1,1,0,0,0,0,0,0,0,0,0,0,0,0,0,0,0,0,0,0,0,0,0,0,0,1,0,0,0,0,0,42.3175731,27.7820714,15.24502246,-0.832438083
185,186,186,REU,Reunion,REUNION,Réunion,Réunion|Ile de la Réunion, , , ,Ile de la Réunion,Reunión,???????,???????, , , ,France,RE, ,RE,638,19460319,Present,721214,2576.213,279.9512307,Eastern Africa,Africa,1,0,0,0, , , , ,0,0,0,0,0,0,0,1,0,0,0,0,0,0,0,0,0,0,0,0,0,0,0,0,0,0,0,0,0,0,0,2.607056569,0.218468862,55.53268484,-21.13334828
186,187,187,ROU,Romania,ROMANIA,Romania,Romania, , , ,Roumanie,Rumanía,???????,???????,????, , ,Romania,RO, ,RO,642,19470210,Present,22437710,236654,94.81229981,Eastern Europe,Europe,2,0,1,0,Europe & Central Asia,Lower middle income,Less indebted, ,0,0,0,0,0,0,0,0,0,0,0,0,0,0,0,0,0,0,0,0,0,0,0,0,0,0,0,0,0,0,0,38.41469436,27.60779302,24.98558804,45.83971021
187,188,188,RUS,Russia,RUSSIAN FEDERATION,Russian Federation,Rossiya,Russian SSR|Russian S.S.R.|Karelia|Tannu Tuva,Russian Federation,???????|??????????? ??????,"Russie, Fédération de",Federación Rusa,??????,?????,???,Soviet Union|Union of Soviet Socialist Republics|U.S.S.R.|USSR|CCCP|C.C.C.P., ,Russia,RU, ,RS,643,Unknown,Present,145491166,16851940,8.633496559,Eastern Europe,Europe,2,1,0,0,Europe & Central Asia,Upper middle income,Moderately indebted, ,0,0,0,0,0,0,0,0,0,0,0,0,0,0,0,1,0,0,0,0,0,0,0,0,0,0,0,0,0,0,0,2656.362784,2920.758928,96.72319943,61.980721
188,189,189,RWA,Rwanda,RWANDA,Rwanda,Rwanda, ,Belgian East Africa|Ruanda-Urundi, ,Rwanda,Ruanda,??????,??????,???, , ,Rwanda,RW, ,RW,646,19620701,Present,7608928,25228.23,301.6037193,Eastern Africa,Africa,1,0,0,0,Sub-Saharan Africa,Low income,Severely indebted,HIPC,1,0,1,1,0,0,0,0,0,0,0,0,0,0,0,0,0,0,0,0,0,0,0,0,0,1,1,0,0,0,1,9.089911386,2.056858454,29.92599493,-1.99992837
189,190,190,BLM,Saint-Barthélemy,SAINT BARTHELEMY, , , , , , , , , , , , , , , , ,0, , ,0,0,0,Caribbean,Americas,0,0,0,0,Latin America & Caribbean, , , ,0,0,0,0,0,0,0,0,0,0,0,0,0,0,0,0,0,0,0,0,0,0,0,0,0,0,0,0,0,1,0,0.730506897,0.002106794,-62.83374121,17.90634307
190,191,191,MAF,Saint-Martin,SAINT MARTIN, , , , , , , , , , , , , , , , ,0, , ,0,0,0, , ,0,0,0,0, , , , ,0,0,0,0,0,0,0,0,0,0,0,0,0,0,0,0,0,0,0,0,0,0,0,0,0,0,0,0,0,0,0,0.802211321,0.004793928,-63.06026161,18.07951308
191,192,192,SHN,Saint Helena,SAINT HELENA,Saint Helena,Saint Helena, ,Ascension|Tristan da Cunha, ,Sainte-Hélène,Santa Elena, , , , , ,United Kingdom,SH, ,SH,654,Unknown,Present,7212,391.181,18.43647825,Western Africa,Africa,1,0,0,0, , , , ,0,0,0,0,0,0,0,0,0,0,0,0,0,0,0,0,0,0,0,0,0,0,0,0,0,0,0,0,0,1,0,2.610205995,0.038014737,-10.48682824,-25.73934041
192,193,193,KNA,Saint Kitts and Nevis,SAINT KITTS AND NEVIS,Saint Kitts and Nevis,Saint Kitts and Nevis, ,Saint Christopher and Nevis|Saint Kitts-Nevis|Leeward Islands, ,Saint-Kitts-et-Nevis,San Cristobal y Nevis,????-???? ? ?????,???? ???? ?????,???????,West Indies Federation, ,Saint Kitts and Nevis,KN, ,SC,659,Unknown,Present,40000,275.222,145.3372187,Caribbean,Americas,1,0,0,0,Latin America & Caribbean,Upper middle income,Severely indebted, ,0,0,0,0,0,0,0,0,0,0,0,0,0,0,0,0,0,0,0,0,0,0,1,0,0,1,0,1,1,1,0,1.559398651,0.02269913,-62.70134105,17.27185844
193,194,194,LCA,Saint Lucia,SAINT LUCIA,Saint Lucia,Saint Lucia, ,Santa Lucia|Windward Islands, ,Sainte-Lucie,Santa Lucía,????-?????,???? ?????,????,West Indies Federation, ,Saint Lucia,LC, ,ST,662,19720222,Present,154000,605.378,254.3865155,Caribbean,Americas,1,0,0,0,Latin America & Caribbean,Upper middle income,Moderately indebted, ,0,0,0,0,0,0,0,0,0,0,0,0,0,0,0,0,0,0,0,0,0,0,1,0,0,1,0,1,1,1,0,2.150846608,0.051382644,-60.96675752,13.89836611
194,195,195,SPM,Saint Pierre and Miquelon,SAINT PIERRE AND MIQUELON,Saint Pierre & Miquelon,Saint-Pierre et Miquelon, , , ,Saint-Pierre-et-Miquelon,San Pedro y Miquelón, , , , , ,France,PM, ,SB,666,Unknown,Present,6896,244.361,28.22054256,Northern America,Americas,2,0,0,0, , , , ,0,0,0,0,0,0,0,0,0,0,0,0,0,0,0,0,0,0,0,0,0,0,0,0,0,0,0,0,0,0,0,2.144780589,0.026772152,-56.30584539,46.92984866
195,196,196,VCT,Saint Vincent and the Grenadines,SAINT VINCENT AND THE GRENADINES,Saint Vincent/Grenadines,Saint Vincent and the Grenadines, ,Saint Vincent|Windward Islands, ,Saint-Vincent-et-les Grenadines,San Vincente y Granadinas,????-??????? ? ?????????,???? ????? ???? ????????,??????????,West Indies Federation, ,Saint Vincent and the Grenadines,VC, ,VC,670,Unknown,Present,116000,389.617,297.7282819,Caribbean,Americas,1,0,0,0,Latin America & Caribbean,Upper middle income,Moderately indebted, ,0,0,0,0,0,0,0,0,0,0,0,0,0,0,0,0,0,0,0,0,0,0,1,0,0,1,0,1,1,1,0,3.150097364,0.033183808,-61.20068806,13.20047408
196,197,197,WSM,Samoa,SAMOA,Samoa,Samoa, ,Western Samoa, ,Samoa,Samoa,?????,???????,???, , ,Samoa,WS, ,WS,882,Unknown,Present,158633,2802.675,56.6005691,Polynesia,Oceania,1,0,0,0,East Asia & Pacific,Lower middle income,Severely indebted, ,0,0,0,0,0,0,0,0,0,0,0,0,0,1,0,0,0,0,0,0,0,0,0,0,0,1,0,1,1,1,1,4.30544693,0.238463963,-172.1720268,-13.74471705
197,198,198,SMR,San Marino,SAN MARINO,San Marino,San Marino, , , ,Saint-Marin,San Marino,???-??????,??? ??????,????, , ,San Marino,SM, ,SM,674,1900,Present,26937,63.171,426.4140191,Southern Europe,Europe,2,0,0,0, ,High income: nonOECD,Debt not classified, ,0,0,0,0,0,0,0,0,0,0,0,0,0,0,0,0,0,0,0,0,0,0,0,0,0,0,1,0,0,0,0,0.429417717,0.00686203,12.46099941,43.93905241
198,199,199,STP,Sao Tome and Principe,SAO TOME AND PRINCIPE,Sao Tome and Principe,São Tomé and Príncipe, ,Príncipe and São Tomé, ,Sao Tomé-et-Principe,San Tomé y Príncipe,???-???? ? ????????,??? ???? ?????????,???????, , ,São Tomé and Príncipe,ST, ,TP,678,Unknown,Present,159883,1047.785,152.591419,Middle Africa,Africa,1,0,0,0,Sub-Saharan Africa,Low income,Severely indebted,HIPC,1,0,0,0,0,0,0,0,0,0,0,0,1,0,0,0,0,0,0,0,0,0,0,0,0,1,0,1,1,1,1,3.268554387,0.081427584,6.716493516,0.436447378
199,200,200,SAU,Saudi Arabia,SAUDI ARABIA,Saudi Arabia,Al Arabiyah as Suudiyah, ,Hejaz|Nejd, ,Arabie Saoudite,Arabia Saudita,?????????? ??????,??????? ??????? ????????,?????, , ,Saudi Arabia,SA, ,SA,682,19320923,Present,20346231,1960175,10.37980333,Western Asia,Asia,1,0,0,0, ,High income: nonOECD,Debt not classified, ,0,0,0,0,0,0,0,0,0,0,0,0,0,0,0,0,0,0,0,0,1,0,0,0,0,0,0,0,0,0,0,128.7871138,169.856628,44.5263806,24.09426111
200,201,201,SEN,Senegal,SENEGAL,Senegal,Senegal, , , ,Sénégal,Senegal,???????,???????,????, , ,Senegal,SN, ,SG,686,19600820,Present,9420518,196910.703,47.84157416,Western Africa,Africa,1,0,0,0,Sub-Saharan Africa,Low income,Less indebted,HIPC,0,0,0,0,0,1,0,0,0,0,1,0,0,0,0,0,0,0,0,0,0,0,0,0,0,1,0,0,0,0,1,31.46288555,16.5007766,-14.47036349,14.35910858
201,202,202,SRB,Serbia,SERBIA,Serbia and Montenegro,Srbija, ,Serbia and Montenegro, ,Serbie,Serbia,??????,??????? ?????,????,Jugoslavia|Yugoslavia, ,Serbia,RS, ,RB,688,20060605,Present,9981929,88201.758,113.1715425,Southern Europe,Europe,2,0,1,0,Europe & Central Asia,Lower middle income,Severely indebted, ,0,0,0,0,0,0,0,0,0,0,0,0,0,0,0,0,0,0,0,0,0,0,0,0,0,0,1,0,0,0,0,23.29001444,8.812721346,20.78200932,44.22609504
202,203,203,SYC,Seychelles,SEYCHELLES,Seychelles,Seychelles, , , ,Seychelles,Seychelles,??????????? ???????,?????,???, , ,Seychelles,SC, ,SE,690,19760629,Present,79326,488.827,162.2782702,Eastern Africa,Africa,1,0,0,0,Sub-Saharan Africa,Upper middle income,Severely indebted, ,0,0,0,1,0,0,0,1,0,0,0,0,0,0,0,0,0,0,0,0,0,0,0,0,0,1,0,1,1,1,0,8.84119617,0.040212888,51.7556818,-6.769390333
203,204,204,SLE,Sierra Leone,SIERRA LEONE,Sierra Leone,Sierra Leone, , , ,Sierra Leone,Sierra Leona,??????-?????,????????,????, , ,Sierra Leone,SL, ,SL,694,19610427,Present,4404740,72531.43,60.72870754,Western Africa,Africa,1,0,0,0,Sub-Saharan Africa,Low income,Severely indebted,HIPC,0,0,0,0,0,1,0,0,1,0,0,0,0,0,0,0,0,0,0,0,0,0,0,0,0,1,0,0,0,0,1,24.81114866,5.963265173,-11.7902511,8.556475741
204,205,205,SGP,Singapore,SINGAPORE,Singapore,Singapore, , , ,Singapour,Singapur,????????,????????,???, , ,Singapore,SG, ,SN,702,19650809,Present,4018114,526.041,7638.404611,South-Eastern Asia,Asia,1,0,0,0, ,High income: nonOECD,Debt not classified, ,0,0,0,0,0,0,0,0,0,0,0,0,0,0,0,0,0,0,1,0,0,0,0,0,0,0,0,1,1,1,0,4.41476406,0.056642312,103.8150594,1.353458027
205,206,206,SXM,Sint Maarten,SINT MAARTEN, ,Sint Maarten, , , , , , , , , , , , , , ,0, , ,0,0,0,Caribbean,Americas,1,0,0,0, ,High income: nonOECD,Debt not classified, ,0,0,0,0,0,0,0,0,0,0,0,0,0,0,0,0,0,0,0,0,0,0,0,0,0,0,0,0,1,0,0,0.514487779,0.003243177,-63.06232559,18.03823106
206,207,207,SVK,Slovakia,SLOVAKIA,Slovakia,Slovensko, ,Slovenská republika, ,Slovaquie,Eslovaquia,????????,????????,????,Czechoslovakia, ,Slovakia,SK, ,LO,703,Unknown,Present,5398693,48648.309,110.9739087,Eastern Europe,Europe,2,0,0,1,Europe & Central Asia,Upper middle income,Moderately indebted, ,0,0,0,0,0,0,0,0,0,0,0,0,0,0,0,0,0,0,0,0,0,0,0,1,0,0,1,0,0,0,0,17.74520295,5.998625991,19.4835097,48.70945534
207,208,208,SVN,Slovenia,SLOVENIA,Slovenia,Slovenija|Republika Slovenija, ,Slovenia, ,Slovénie,Eslovenia,????????,????????,?????,Jugoslavia|Yugoslavia, ,Slovenia,SI, ,SI,705,Unknown,Present,1987682,20245.689,98.17803682,Southern Europe,Europe,2,0,0,0, ,High income: nonOECD,Debt not classified, ,0,0,0,0,0,0,0,0,0,0,0,0,0,0,0,0,0,0,0,0,0,0,0,1,0,0,0,0,0,0,0,12.23080071,2.325835391,14.81810081,46.12445938
208,209,209,SLB,Solomon Islands,SOLOMON ISLANDS,Solomon Islands,Solomon Islands, ,British Solomon Islands Protectorate, ,"Salomon, Îles",Islas Salomón,?????????? ???????,??? ??????, , , ,Solomon Islands,SB, ,BP,90,19780707,Present,447428,27739.721,16.12950613,Melanesia,Oceania,1,0,0,0,East Asia & Pacific,Low income,Moderately indebted, ,0,0,0,0,0,0,0,0,0,0,0,0,0,0,0,0,0,0,0,0,0,0,0,0,0,1,0,1,1,1,1,96.33847808,2.345974753,159.5712586,-8.88805986
209,210,210,SOM,Somalia,SOMALIA,Somalia,Somalia,British Somaliland|Italian Somaliland|Oltre Giuba|Italian East Africa, , ,Somalie,Somalia,??????,???????,???, , ,Somalia,SO, ,SO,706,Unknown,Present,8777879,639065.125,13.73549996,Eastern Africa,Africa,1,0,0,0,Sub-Saharan Africa,Low income,Severely indebted,HIPC,0,0,0,0,0,0,1,0,0,0,0,0,0,0,0,0,0,0,0,0,0,0,0,0,0,1,0,0,0,0,1,64.16050766,51.84700455,45.86916995,6.06827856
210,211,211,ZAF,South Africa,SOUTH AFRICA,South Africa,South Africa, ,Union of South Africa|Zuid Afrika, ,Afrique du Sud,Sudáfrica,????-??????????? ?????????,???? ???????,??, ,Cape Colony|Natal|Orange Free State|Transvaal,South Africa,ZA, ,SF,710,1948,Present,43309197,1223111,35.40904873,Southern Africa,Africa,1,0,0,0,Sub-Saharan Africa,Upper middle income,Less indebted, ,0,0,0,0,0,0,0,0,0,1,0,0,0,0,0,0,0,0,0,0,0,0,0,0,0,1,0,0,0,0,0,99.30449956,113.084061,25.08690352,-28.99629253
211,212,212,SGS,South Georgia and the South Sandwich Islands,SOUTH GEORGIA AND THE SOUTH SANDWICH ISLANDS, ,South Georgia and the South Sandwich Islands, , , ,Géorgie du Sud et les Îles Sandwich du Sud,Sudo Georgia y los Islas Sandwich del Sur, , , , , ,United Kingdom,GS, ,SX,239,Unknown,Present,0,3917.944,0, , ,0,0,0,0, , , , ,0,0,0,0,0,0,0,0,0,0,0,0,0,0,0,0,0,0,0,0,0,0,0,0,0,0,0,0,0,0,0,18.7128307,0.570622304,-35.91018964,-54.67749368
212,213,213,KOR,South Korea,"KOREA, REPUBLIC OF","Korea, Republic of",Han-guk, ,"Korea, Republic of|Korea, South",????|??,"Corée, République de",Corea del Sur,"?????, ?????",????? ????????,"??, ??",Korea|Chosun|Chosen|Chos?n|Hanguk, ,South Korea,KR, ,KS,410,19530727,Present,46740141,98338.609,475.2979677,Eastern Asia,Asia,1,0,0,1, ,High income: OECD,Debt not classified, ,0,0,0,0,0,0,0,0,0,0,0,0,0,0,0,0,0,0,0,0,0,0,0,0,0,0,0,0,0,0,0,151.6658849,10.06500958,127.7952124,36.35516888
213,214,214,SSD,South Sudan,SOUTH SUDAN,South Sudan, , , , , , , , , , , , , , , ,0, , ,0,0,0, ,Africa,0,0,0,0,Sub-Saharan Africa,Low income, , ,0,0,0,0,0,0,0,0,0,0,0,0,0,0,0,0,0,0,0,0,0,0,0,0,0,0,0,0,0,0,1,46.38786532,51.45170365,30.32144008,7.287667665
214,215,215,ESP,Spain,SPAIN,Spain,España, , , ,Espagne,España,???????,???????,???, , ,España,ES, ,SP,724,Unknown,Present,39910274,505674.406,78.92484477,Southern Europe,Europe,2,0,0,1, ,High income: OECD,Debt not classified,EMU,0,0,0,0,0,0,0,0,0,0,0,0,0,0,0,0,0,0,0,0,0,0,0,1,0,0,0,0,0,0,0,120.5411687,53.59278645,-3.647067268,40.22689584
215,216,216,SP-,Spratly islands, , ,Spratly islands, , , , , , , , , , ,"Disputed (Pilipinas, China, Vietnam)", , , ,0,Unknown,Present,0,0,0, , ,0,0,0,0, , , , ,0,0,0,0,0,0,0,0,0,0,0,0,0,0,0,0,0,0,0,0,0,0,0,0,0,0,0,0,0,0,0,0.170887738,0.000154998,114.5085361,10.83826006
216,217,217,LKA,Sri Lanka,SRI LANKA,Sri Lanka,Sri Lanka, ,Ceylon, ,Sri Lanka,Sri Lanka,???-?????,????????,????, , ,Sri Lanka,LK, ,CE,144,19720522,Present,18923749,66580.242,284.2246954,Southern Asia,Asia,1,0,0,0,South Asia,Lower middle income,Moderately indebted, ,0,0,0,0,0,0,0,0,0,0,0,0,0,0,0,0,0,1,0,0,0,0,0,0,0,0,0,0,0,1,0,35.60833944,5.395766265,80.69786829,7.621671701
217,218,218,SDN,Sudan,SUDAN,Sudan,As-Sudan, , , ,Soudan,Sudán,?????,???????,??, , ,Sudan,SD, ,SU,736,1919,Present,0,0,0,Northern Africa,Africa,1,0,0,0,Sub-Saharan Africa,Low income,Severely indebted,HIPC,0,0,0,1,0,0,1,0,0,0,0,0,0,0,0,0,0,0,0,0,0,0,0,0,0,1,0,0,0,0,1,83.05315394,158.3817889,30.00564634,16.04938553
218,219,219,SUR,Suriname,SURINAME,Suriname,Suriname,Dutch Guiana|Netherlands Guiana|,Sranan, ,Suriname,Surinam,???????,???????,???, , ,Suriname,SR, ,NS,740,19751125,Present,417159,145497.5,2.867121428,South America,Americas,1,0,0,0,Latin America & Caribbean,Lower middle income,Debt not classified, ,0,0,0,0,0,0,0,0,0,0,0,0,0,0,0,0,0,0,0,0,0,1,1,0,0,1,0,1,1,0,0,20.09310279,11.92783605,-55.91596183,4.136236747
219,220,220,SJM,Svalbard and Jan Mayen,SVALBARD AND JAN MAYEN, ,Svalbard and Jan Mayen, ,Svalbard and Jan Mayen Islands|Jan Mayen|Spitsbergen, ,Svalbard et Île Jan Mayen,Isla Jan Mayen y Archipiélago de Svalbard, , , , , ,Norway,SJ, ,SV&JN,744,Unknown,Present,2416,61936.762,0.039007528,Northern Europe,Europe,2,0,0,0, , , , ,0,0,0,0,0,0,0,0,0,0,0,0,0,0,0,0,0,0,0,0,0,0,0,0,0,0,0,0,0,0,0,309.942369,25.04392346,18.46817646,78.8562049
220,221,221,SWZ,Swaziland,SWAZILAND,Swaziland,Swaziland, ,Ngwane, ,Swaziland,Swazilandia,?????????,????????,????, , ,Swaziland,SZ, ,WZ,748,1900,Present,924786,17164.109,53.87905658,Southern Africa,Africa,1,0,0,0,Sub-Saharan Africa,Lower middle income,Less indebted, ,0,0,0,1,0,0,0,0,0,1,0,0,0,0,0,0,0,0,0,0,0,0,0,0,0,1,1,0,0,0,0,5.185236179,1.574742125,31.49820048,-26.56544451
221,222,222,SWE,Sweden,SWEDEN,Sweden,Sverige, ,Sweden, ,Suède,Suecia,??????,??????,??, , ,Sweden,SE, ,SW,752,19050607,Present,8842094,443799.688,19.92361473,Northern Europe,Europe,2,0,0,1, ,High income: OECD,Debt not classified, ,0,0,0,0,0,0,0,0,0,0,0,0,0,0,0,0,0,0,0,0,0,0,0,1,0,0,0,0,0,0,0,352.7922034,79.22813998,16.75818701,62.77138854
222,223,223,CHE,Switzerland,SWITZERLAND,Switzerland,Schweiz|Suisse|Svizzera, ,Schweiz|Svizzera|Svizra|Swiss Confederation|Confderatio Helvetica, ,Suisse,Suiza,?????????,??????,??, , ,Switzerland,CH, ,SZ,756,1900,Present,7170407,41178.398,174.1303049,Western Europe,Europe,2,0,0,1, ,High income: OECD,Debt not classified, ,0,0,0,0,0,0,0,0,0,0,0,0,0,0,0,0,0,0,0,0,0,0,0,0,0,0,1,0,0,0,0,20.45457146,4.860439756,8.230251524,46.80106705
223,224,224,SYR,Syria,SYRIAN ARAB REPUBLIC,Syrian Arab Republic,Suriyah, ,Syrian Arab Republic|Alaouites|United Arab Republic, ,"Syrienne, République Arabe",Siria,?????,?????,???, , ,Syria,SY, ,SY,760,Unknown,Present,16188760,187937,86.13929136,Western Asia,Asia,1,0,0,0,Middle East & North Africa,Lower middle income,Severely indebted, ,0,0,0,0,0,0,0,0,0,0,0,0,0,0,0,0,0,0,0,0,0,0,0,0,0,0,0,0,0,0,0,25.14269669,18.46565927,38.52677268,35.02460157
224,225,225,TWN,Taiwan,"TAIWAN, PROVINCE OF CHINA", ,T'ai-wan, ,"Taiwan, Province of China|Formosa", ,"Taïwan, Province de Chine",Taiwan,???????,??????,??, , ,Taiwan,TW, ,TW,158,Unknown,Present,22191087,36346.09,610.5494979,Eastern Asia,Asia,1,0,0,0, , , , ,0,0,0,0,0,0,0,0,0,0,0,0,0,0,0,0,0,0,0,0,0,0,0,0,0,0,0,0,0,1,0,26.89192163,3.224679461,120.9565861,23.75263319
225,226,226,TJK,Tajikistan,TAJIKISTAN,Tajikistan,Jumhurii Tojikiston,Tajik SSR|Tajik S.S.R., , ,Tadjikistan,Tadjikistan,???????????,?????????,?????,Soviet Union|Union of Soviet Socialist Republics|U.S.S.R.|USSR|CCCP|C.C.C.P., ,Tajikistan,TJ, ,TI,762,19910909,Present,6086983,142410.297,42.7425764,Central Asia,Asia,1,1,0,0,Europe & Central Asia,Low income,Severely indebted, ,0,0,0,0,0,0,0,0,0,0,0,0,0,0,0,1,0,0,0,0,0,0,0,0,0,0,1,0,0,0,0,40.12095803,14.68351109,71.03752977,38.52893925
226,227,227,TZA,Tanzania,"TANZANIA, UNITED REPUBLIC OF","Tanzania, United Rep of",Tanzania, ,"United Republic of Tanzania|Tanzania, United Republic of|German East Africa|Tanganyika|Zanzibar", ,"Tanzanie, République-Unie de",Tanzania,????????,???????,????, , ,Tanzania,TZ, ,TZ,834,19640426,Present,35119255,944976.875,37.16414224,Eastern Africa,Africa,1,0,0,0,Sub-Saharan Africa,Low income,Less indebted,HIPC,0,0,0,0,1,0,0,0,0,0,0,0,0,0,0,0,0,0,0,0,0,0,0,0,0,1,0,0,0,0,1,71.9653873,76.94146887,34.825686,-6.266216846
227,228,228,THA,Thailand,THAILAND,Thailand,Prathet Thai, ,Siam,??????????????,Thaïlande,Tailandia,???????,???????,??, , ,Thailand,TH, ,TH,764,Unknown,Present,62805574,515144,121.918481,South-Eastern Asia,Asia,1,0,0,0,East Asia & Pacific,Lower middle income,Less indebted, ,0,0,0,0,0,0,0,0,0,0,0,0,0,0,0,0,0,0,1,0,0,0,0,0,0,0,0,0,0,0,0,124.9787569,43.28979268,101.0148022,15.1103753
228,229,229,TLS,East Timor,TIMOR-LESTE,Timor-Leste,Timor-Leste, ,East Timor|Portuguese Timor, ,Timor-Leste (Timor Oriental),Timor Oriental,????????? ?????,????? ???????,???, , ,Timor-Leste,TL, ,TT,626,20020520,Present,737105,15007,49.11741187,South-Eastern Asia,Asia,1,0,0,0,East Asia & Pacific,Low income,Debt not classified, ,0,0,0,0,0,0,0,0,0,0,0,0,0,0,0,0,0,0,0,0,0,0,0,0,0,1,0,0,1,1,1,9.604317663,1.22563221,125.8521055,-8.820246763
229,230,230,TGO,Togo,TOGO,Togo,Togo|Republique Togolaise, , , ,Togo,Togo,????,????,??, , ,Togo,TG, ,TO,768,19220720,Present,4526972,57299.691,79.00517299,Western Africa,Africa,1,0,0,0,Sub-Saharan Africa,Low income,Severely indebted,HIPC,0,0,0,0,0,1,0,0,0,0,1,0,0,0,0,0,0,0,0,0,0,0,0,0,0,1,0,0,0,0,1,15.73515436,4.682018786,0.976875236,8.530167367
230,231,231,TKL,Tokelau,TOKELAU, ,Tokelau, ,Union Islands, ,Tokelau,Tokelau,???????, , , , ,New Zealand,TK, ,TL,772,Unknown,Present,1458,20.125,72.44720497,Polynesia,Oceania,1,0,0,0, , , , ,0,0,0,0,0,0,0,0,0,0,0,0,0,0,0,0,0,0,0,0,0,0,0,0,0,0,0,0,0,1,0,1.205493591,0.001288518,-171.7824685,-9.068800796
231,232,232,TON,Tonga,TONGA,Tonga,Tonga, ,Friendly Islands, ,Tonga,Tonga,?????,?????, , , ,Tonga,TO, ,TN,776,Unknown,Present,102321,696.525,146.9021212,Polynesia,Oceania,1,0,0,0,East Asia & Pacific,Lower middle income,Less indebted, ,0,0,0,0,0,0,0,0,0,0,0,0,0,1,0,0,0,0,0,0,0,0,0,0,0,1,0,1,1,1,0,8.468431893,0.065868809,-174.821605,-19.85670931
232,233,233,TTO,Trinidad and Tobago,TRINIDAD AND TOBAGO,Trinidad and Tobago,Trinidad and Tobago, ,West Indies Federation, ,Trinité-et-Tobago,Trinidad y Tobago,???????? ? ??????,???????? ???????,????????, , ,Trinidad and Tobago,TT, ,TD,780,Unknown,Present,1294368,5151.649,251.2531424,Caribbean,Americas,1,0,0,0,Latin America & Caribbean,Upper middle income,Less indebted, ,0,0,0,0,0,0,0,0,0,0,0,0,0,0,0,0,0,0,0,0,0,0,1,0,0,1,0,1,1,1,0,8.425106123,0.426051557,-61.25929016,10.47397943
233,234,234,TUN,Tunisia,TUNISIA,Tunisia,Tunis, , , ,Tunisie,Túnez,?????,????,???, , ,Tunisia,TN, ,TS,788,1900,Present,9458661,155401.5,60.86595689,Northern Africa,Africa,1,0,0,0,Middle East & North Africa,Lower middle income,Moderately indebted, ,0,0,0,0,0,0,0,0,0,0,0,1,0,0,0,0,1,0,0,0,0,0,0,0,0,0,0,0,0,0,0,40.8725161,15.13841002,9.57888691,34.11107018
234,235,235,TUR,Turkey,TURKEY,Turkey,Turkiye,Alexandretta|Cilicia|Hatay, , ,Turquie,Turquía,??????,?????,???,Ottoman Empire, ,Turkey,TR, ,TU,792,Unknown,Present,66667997,779986.188,85.47330456,Western Asia,Asia,1,0,0,1,Europe & Central Asia,Upper middle income,Severely indebted, ,0,0,0,0,0,0,0,0,0,0,0,0,0,0,0,0,0,0,0,0,0,0,0,0,0,0,0,0,0,0,0,136.7155293,81.27445785,35.17621425,39.05990552
235,236,236,TKM,Turkmenistan,TURKMENISTAN,Turkmenistan,Turkmenistan,Turkmen SSR|Turkmen S.S.R., , ,Turkménistan,Turkmenistan,????????????,??????????,???,Soviet Union|Union of Soviet Socialist Republics|U.S.S.R.|USSR|CCCP|C.C.C.P., ,Turkmenistan,TM, ,TX,795,Unknown,Present,4737256,471428.5,10.04872637,Central Asia,Asia,1,0,0,0,Europe & Central Asia,Lower middle income,Moderately indebted, ,0,0,0,0,0,0,0,0,0,0,0,0,0,0,0,0,0,0,0,0,0,0,0,0,0,0,1,0,0,0,0,53.20327903,51.06767318,59.17901606,39.19261775
236,237,237,TCA,Turks and Caicos Islands,TURKS AND CAICOS ISLANDS,Turks and Caicos Is,Turks and Caicos Islands, , , ,"Turks et Caïques, Îles",Islas Turcas y Caicos, , , , , ,United Kingdom,TC, ,TK,796,Unknown,Present,19000,490.696,38.72051127,Caribbean,Americas,1,0,0,0, , , , ,0,0,0,0,0,0,0,0,0,0,0,0,0,0,0,0,0,0,0,0,0,0,0,0,0,0,0,0,0,1,0,10.01699578,0.086565575,-71.82428203,21.75802219
237,238,238,TUV,Tuvalu,TUVALU,Tuvalu,Tuvalu,Ellice Islands, , ,Tuvalu,Tuvalu,??????,??????,???, , ,Tuvalu,TV, ,TV,798,19151112,Present,10838,30.798,351.9059679,Polynesia,Oceania,1,0,0,0, , , , ,0,0,0,0,0,0,0,0,0,0,0,0,0,1,0,0,0,0,0,0,0,0,0,0,0,1,0,1,1,1,1,2.340474011,0.003419602,178.0939524,-7.582029555
238,239,239,UGA,Uganda,UGANDA,Uganda,Uganda, ,British East Africa|Carpatho-Ukraine|Ruthenia, ,Ouganda,Uganda,??????,??????,???, , ,Uganda,UG, ,UG,800,19621009,Present,23300162,243049.906,95.86575195,Eastern Africa,Africa,1,0,0,0,Sub-Saharan Africa,Low income,Moderately indebted,HIPC,0,0,0,1,1,0,1,0,0,0,0,0,0,0,0,0,0,0,0,0,0,0,0,0,0,1,1,0,0,0,1,25.23675462,19.62989624,32.39111387,1.280350984
239,240,240,UKR,Ukraine,UKRAINE,Ukraine,Ukrayina,Ukrainian SSR|Ukrainian S.S.R., , ,Ukraine,Ucrania,???????,????????,???,Soviet Union|Union of Soviet Socialist Republics|U.S.S.R.|USSR|CCCP|C.C.C.P., ,Ukraine,UA, ,UP,804,1991,Present,49568167,596040.875,83.16236198,Eastern Europe,Europe,2,1,0,0,Europe & Central Asia,Lower middle income,Less indebted, ,0,0,0,0,0,0,0,0,0,0,0,0,0,0,0,0,0,0,0,0,0,0,0,0,0,0,0,0,0,0,0,113.2971873,73.92716976,31.40757354,49.00868008
240,241,241,ARE,United Arab Emirates,UNITED ARAB EMIRATES,United Arab Emirates,Al Imarat al Arabiyah al Muttahidah,Trucial Coast|Trucial Oman|Trucial States, , ,Émirats Arabes Unis,Emiratos Árabes Unidos,???????????? ???????? ????,???????? ?????,????????, , ,United Arab Emirates,AE, ,AE,784,1971,Present,2605958,71234.406,36.58285576,Western Asia,Asia,1,0,0,0, ,High income: nonOECD,Debt not classified, ,0,0,0,0,0,0,0,0,0,0,0,0,0,0,0,0,0,0,0,0,1,0,0,0,0,0,0,0,0,0,0,44.83779883,6.936311248,54.20147737,23.84671982
241,242,242,GBR,United Kingdom,UNITED KINGDOM,United Kingdom,United Kingdom, ,England|Great Britain|Northern Ireland|Scotland|Wales, ,Royaume-Uni,Reino Unido,??????????? ??????????? ??,??????? ???????,??, , ,United Kingdom,GB, ,UK,826,1927,Present,59414643,243137.203,244.366729,Northern Europe,Europe,2,0,0,1, ,High income: OECD,Debt not classified, ,0,0,0,0,0,0,0,0,0,0,0,0,0,0,0,0,0,0,0,0,0,0,0,1,0,0,0,0,0,0,0,298.2865446,33.79381163,-2.895876179,54.16480566
242,243,243,UMI,United States Minor Outlying Islands,UNITED STATES MINOR OUTLYING ISLANDS, ,United States Minor Outlying Island, , , ,Îles Mineures Éloignées des États-Unis, , , , , , ,United States,UM, ,WQ,581,Unknown,Present,1850,11.717,157.8902449, , ,0,0,0,0, , , , ,0,0,0,0,0,0,0,0,0,0,0,0,0,0,0,0,0,0,0,0,0,0,0,0,0,0,0,0,0,0,0,1.987826031,0.004047579,-98.42987686,15.92313904
243,244,244,USA,United States,UNITED STATES,United States of America,United States, ,United States of America|USA|US|U.S.|U.S.A., ,États-Unis,Estados Unidos,??????????? ????? ???????,???????? ???????,??, , ,United States,US, ,US,840,19590821,Present,283230243,9450720,29.96917092,Northern America,Americas,2,0,0,1, ,High income: OECD,Debt not classified, ,0,0,0,0,0,0,0,0,0,0,0,0,0,0,0,0,0,0,0,1,0,0,0,0,0,0,0,0,0,0,0,1763.19646,1117.102797,-112.470837,45.67625945
244,245,245,URY,Uruguay,URUGUAY,Uruguay,Uruguay|República Oriental del Uruguay, , , ,Uruguay,Uruguay,???????,???????,???, , ,Uruguay,UY, ,UY,858,~1900,Present,3337080,178140.797,18.73282289,South America,Americas,1,0,0,0,Latin America & Caribbean,Upper middle income,Severely indebted, ,0,0,0,0,0,0,0,0,0,0,0,0,0,0,0,0,0,0,0,0,0,1,0,0,0,0,0,0,0,0,0,25.69148791,17.08689224,-56.01779217,-32.79322589
245,246,246,UZB,Uzbekistan,UZBEKISTAN,Uzbekistan,Uzbekiston Respublikasi,Uzbek SSR|Uzbek S.S.R., , ,Ouzbékistan,Uzbekistán,??????????,??????????,??????,Soviet Union|Union of Soviet Socialist Republics|U.S.S.R.|USSR|CCCP|C.C.C.P., ,Uzbekistan,UZ, ,UZ,860,~1900,Present,24880545,445711.312,55.82210801,Central Asia,Asia,1,1,0,0,Europe & Central Asia,Low income,Moderately indebted, ,0,0,0,0,0,0,0,0,0,0,0,0,0,0,0,1,0,0,0,0,0,0,0,0,0,0,1,0,0,0,0,68.47945365,48.47243923,63.17138303,41.75063679
246,247,247,VUT,Vanuatu,VANUATU,Vanuatu,Vanuatu, ,New Hebrides, ,Vanuatu,Vanuatu,???????,???????,????, , ,Vanuatu,VU, ,NH,548,Unknown,Present,196803,12534.9,15.70040447,Melanesia,Oceania,1,0,0,0,East Asia & Pacific,Lower middle income,Less indebted, ,0,0,0,0,0,0,0,0,0,0,0,0,0,1,0,0,0,0,0,0,0,0,0,0,0,1,0,1,1,1,1,29.74766065,1.041502653,167.7211961,-16.21128174
247,248,248,VAT,Vatican City,HOLY SEE (VATICAN CITY STATE), ,Status Civitatis Vaticanæ, ,Vatican|State of the Vatican City|Holy See, ,Saint-Siège (État de la Cité du Vatican),Ciudad del Vaticano,???????,?????????,???, , ,Vatican,VA, ,VT,336,Unknown,Present,921,0.44,2093.181818,Southern Europe,Europe,2,0,0,0, , , , ,0,0,0,0,0,0,0,0,0,0,0,0,0,0,0,0,0,0,0,0,0,0,0,0,0,0,1,0,0,0,0,0.035883941,5.72E-05,12.45286091,41.90354024
248,249,249,VEN,Venezuela,VENEZUELA,"Venezuela,Bolivar Rep of",Venezuela, , , ,Venezuela,Venezuela,?????????,???????,????, , ,Venezuela,VE, ,VE,862,1830,Present,24169742,916560.5,26.3700454,South America,Americas,1,0,0,0,Latin America & Caribbean,Upper middle income,Moderately indebted, ,0,0,0,0,0,0,0,0,0,0,0,0,0,0,0,0,0,0,0,0,0,1,0,0,0,0,0,0,0,0,0,116.3346183,74.76341033,-66.14593576,7.132690551
249,250,250,VNM,Vietnam,VIET NAM,Viet Nam,Viet Nam,Annam|Cochin-China|Tongking, , ,Viêt Nam,Vietnam,???????,??????,??, ,North Vietnam|South Vietnam,Vietnam,VN, ,VM,704,Unknown,Present,78136913,327122.594,238.861254,South-Eastern Asia,Asia,1,0,0,0,East Asia & Pacific,Low income,Less indebted, ,0,0,0,0,0,0,0,0,0,0,0,0,0,0,0,0,0,0,1,0,0,0,0,0,0,0,0,0,0,0,0,144.7372566,27.90527679,106.3026606,16.65664175
250,251,251,VIR,"Virgin Islands, U.S.","VIRGIN ISLANDS, U.S.",US Virgin Islands,Virgin Islands, ,U.S. Virgin Islands|United States Virgin Islands|Virgin Islands, ,Îles Vierges des États-Unis,Islas Virgenes Americanas,???????????? ?????????? ??,????? ??????? ????????, , , ,United States,VI, ,VQ,850,19170125,Present,111000,348.734,318.2941726,Caribbean,Americas,1,0,0,0, ,High income: nonOECD,Debt not classified, ,0,0,0,0,0,0,0,0,0,0,0,0,0,0,0,0,0,0,0,0,0,0,0,0,0,0,0,0,1,1,0,4.458593387,0.030892354,-64.80277293,17.97169907
251,252,252,WLF,Wallis and Futuna,WALLIS AND FUTUNA,Wallis and Futuna Is,Wallis et Futuna, , , ,Wallis et Futuna,Wallis y Futuna,??????? ?????? ? ??????,???? ???????, , , ,France,WF, ,WF,876,1967,Present,15283,173.353,88.16115095,Polynesia,Oceania,1,0,0,0, , , , ,0,0,0,0,0,0,0,0,0,0,0,0,0,0,0,0,0,0,0,0,0,0,0,0,0,0,0,0,0,0,0,1.491303423,0.013017377,-177.1054789,-13.76671045
252,253,253,ESH,Western Sahara,WESTERN SAHARA,Western Sahara,Western Sahara, ,Cape Juby|Saharawi Arab Democratic Republic|Spanish Sahara|Spanish West Africa, ,Sahara Occidental,Sáhara Occidental,???????? ??????,??????? ???????, , , ,Western Sahara,EH, ,WI,732,Unknown,Present,251824,269601.594,0.934059759,Northern Africa,Africa,1,0,0,0, , , , ,0,0,0,0,0,0,0,0,0,0,0,0,0,0,0,0,0,0,0,0,0,0,0,0,0,0,0,0,0,0,0,33.60151624,23.85792865,-13.13473229,24.67902248
253,254,254,YEM,Yemen,YEMEN,Yemen,Al Yaman, ,Aden Protectorate|North Yemen|South Arabia|South Yemen, ,Yémen,Yemen,?????,?????,??, , ,Yemen,YE, ,YM,887,~1900,Present,18348746,425520.906,43.12066867,Western Asia,Asia,1,0,0,0,Middle East & North Africa,Low income,Less indebted, ,0,0,0,0,0,0,0,0,0,0,0,0,0,0,0,0,0,0,0,0,0,0,0,0,0,0,0,0,0,0,1,55.05686613,38.1735007,47.58275861,15.90483728
254,255,255,ZMB,Zambia,ZAMBIA,Zambia,Zambia,Northern Rhodesia, , ,Zambie,Zambia,??????,??????,???, , ,Zambia,ZM, ,ZA,894,Unknown,Present,10421339,2337027,4.459229183,Eastern Africa,Africa,1,0,0,0,Sub-Saharan Africa,Low income,Severely indebted,HIPC,0,0,0,1,0,0,0,0,0,0,0,0,0,0,0,0,0,0,0,0,0,0,0,0,0,1,1,0,0,0,1,54.13201505,62.76393565,27.79432404,-13.45743066
255,256,256,ZWE,Zimbabwe,ZIMBABWE,Zimbabwe,Zimbabwe,Rhodesia|Southern Rhodesia, , ,Zimbabwe,Zimbabwe,????????,???????,????, , ,Zimbabwe,ZW, ,ZI,716,Unknown,Present,12627277,754772.688,16.72990716,Eastern Africa,Africa,1,0,0,0,Sub-Saharan Africa,Low income,Severely indebted, ,0,0,0,1,0,0,0,0,0,0,0,0,0,0,0,0,0,0,0,0,0,0,0,0,0,1,1,0,0,0,0,28.2317081,33.53352557,29.86883798,-19.00056343